# Every rb_*/ruby_* symbol a C extension can link against, from clang's AST
# of the vendored headers. Regenerate with `tools/zeo-dev cext api`.
#
# status=zeo    the runtime exports it
# status=stub   crates/zeo-rt/src/cext/stubs.rs raises NotImplementedError
# status=global a VALUE symbol stubs.rs defines and cext::globals fills
symbol	kind	status	signature
rb_Array	fn	zeo	VALUE (VALUE)
rb_Complex	fn	stub	VALUE (VALUE, VALUE)
rb_Float	fn	zeo	VALUE (VALUE)
rb_Hash	fn	stub	VALUE (VALUE)
rb_Integer	fn	zeo	VALUE (VALUE)
rb_Rational	fn	stub	VALUE (VALUE, VALUE)
rb_String	fn	zeo	VALUE (VALUE)
rb_absint_numwords	fn	stub	size_t (VALUE, size_t, size_t *)
rb_absint_singlebit_p	fn	stub	int (VALUE)
rb_absint_size	fn	zeo	size_t (VALUE, int *)
rb_add_event_hook	fn	stub	void (rb_event_hook_func_t, rb_event_flag_t, VALUE)
rb_alias	fn	stub	void (VALUE, ID, ID)
rb_alias_variable	fn	stub	void (ID, ID)
rb_alloc_tmp_buffer	fn	stub	void *(volatile VALUE *, long)
rb_alloc_tmp_buffer_with_count	fn	stub	void *(volatile VALUE *, size_t, size_t)
rb_any_to_s	fn	stub	VALUE (VALUE)
rb_apply	fn	stub	VALUE (VALUE, ID, VALUE)
rb_argv0	var	global	VALUE
rb_arithmetic_sequence_beg_len_step	fn	stub	VALUE (VALUE, long *, long *, long *, long, int)
rb_arithmetic_sequence_extract	fn	stub	int (VALUE, rb_arithmetic_sequence_components_t *)
rb_ary_aref	fn	stub	VALUE (int, const VALUE *, VALUE)
rb_ary_assoc	fn	zeo	VALUE (VALUE, VALUE)
rb_ary_cat	fn	stub	VALUE (VALUE, const VALUE *, long)
rb_ary_clear	fn	zeo	VALUE (VALUE)
rb_ary_cmp	fn	zeo	VALUE (VALUE, VALUE)
rb_ary_concat	fn	zeo	VALUE (VALUE, VALUE)
rb_ary_delete	fn	zeo	VALUE (VALUE, VALUE)
rb_ary_delete_at	fn	stub	VALUE (VALUE, long)
rb_ary_dup	fn	zeo	VALUE (VALUE)
rb_ary_each	fn	stub	VALUE (VALUE)
rb_ary_entry	fn	zeo	VALUE (VALUE, long)
rb_ary_free	fn	stub	void (VALUE)
rb_ary_freeze	fn	zeo	VALUE (VALUE)
rb_ary_hidden_new	fn	stub	VALUE (long)
rb_ary_includes	fn	stub	VALUE (VALUE, VALUE)
rb_ary_join	fn	zeo	VALUE (VALUE, VALUE)
rb_ary_modify	fn	stub	void (VALUE)
rb_ary_new	fn	zeo	VALUE (void)
rb_ary_new_capa	fn	zeo	VALUE (long)
rb_ary_new_from_args	fn	stub	VALUE (long, ...)
rb_ary_new_from_values	fn	zeo	VALUE (long, const VALUE *)
rb_ary_plus	fn	zeo	VALUE (VALUE, VALUE)
rb_ary_pop	fn	zeo	VALUE (VALUE)
rb_ary_ptr_use_end	fn	stub	void (VALUE)
rb_ary_ptr_use_start	fn	stub	VALUE *(VALUE)
rb_ary_push	fn	zeo	VALUE (VALUE, VALUE)
rb_ary_rassoc	fn	zeo	VALUE (VALUE, VALUE)
rb_ary_replace	fn	zeo	VALUE (VALUE, VALUE)
rb_ary_resize	fn	stub	VALUE (VALUE, long)
rb_ary_resurrect	fn	stub	VALUE (VALUE)
rb_ary_reverse	fn	zeo	VALUE (VALUE)
rb_ary_rotate	fn	stub	VALUE (VALUE, long)
rb_ary_shared_with_p	fn	stub	VALUE (VALUE, VALUE)
rb_ary_shift	fn	zeo	VALUE (VALUE)
rb_ary_sort	fn	zeo	VALUE (VALUE)
rb_ary_sort_bang	fn	zeo	VALUE (VALUE)
rb_ary_store	fn	stub	void (VALUE, long, VALUE)
rb_ary_subseq	fn	stub	VALUE (VALUE, long, long)
rb_ary_to_ary	fn	zeo	VALUE (VALUE)
rb_ary_to_s	fn	zeo	VALUE (VALUE)
rb_ary_unshift	fn	zeo	VALUE (VALUE, VALUE)
rb_assert_failure	fn	stub	void (const char *, int, const char *, const char *) __attribute__((noreturn))
rb_assert_failure_detail	fn	stub	void (const char *, int, const char *, const char *, const char *, ...) __attribute__((noreturn))
rb_assoc_new	fn	stub	VALUE (VALUE, VALUE)
rb_attr	fn	stub	void (VALUE, ID, int, int, int)
rb_attr_get	fn	stub	VALUE (VALUE, ID)
rb_autoload_load	fn	stub	VALUE (VALUE, ID)
rb_autoload_p	fn	stub	VALUE (VALUE, ID)
rb_backref_get	fn	stub	VALUE (void)
rb_backref_set	fn	stub	void (VALUE)
rb_backtrace	fn	stub	void (void)
rb_big2dbl	fn	stub	double (VALUE)
rb_big2ll	fn	zeo	long long (VALUE)
rb_big2long	fn	stub	long (VALUE)
rb_big2str	fn	stub	VALUE (VALUE, int)
rb_big2ull	fn	zeo	unsigned long long (VALUE)
rb_big2ulong	fn	stub	unsigned long (VALUE)
rb_big_2comp	fn	stub	void (VALUE)
rb_big_and	fn	stub	VALUE (VALUE, VALUE)
rb_big_clone	fn	zeo	VALUE (VALUE)
rb_big_cmp	fn	zeo	VALUE (VALUE, VALUE)
rb_big_div	fn	zeo	VALUE (VALUE, VALUE)
rb_big_divmod	fn	zeo	VALUE (VALUE, VALUE)
rb_big_eq	fn	stub	VALUE (VALUE, VALUE)
rb_big_eql	fn	zeo	VALUE (VALUE, VALUE)
rb_big_idiv	fn	stub	VALUE (VALUE, VALUE)
rb_big_lshift	fn	zeo	VALUE (VALUE, VALUE)
rb_big_minus	fn	zeo	VALUE (VALUE, VALUE)
rb_big_modulo	fn	zeo	VALUE (VALUE, VALUE)
rb_big_mul	fn	stub	VALUE (VALUE, VALUE)
rb_big_new	fn	stub	VALUE (size_t, int)
rb_big_norm	fn	stub	VALUE (VALUE)
rb_big_or	fn	stub	VALUE (VALUE, VALUE)
rb_big_pack	fn	stub	void (VALUE, unsigned long *, long)
rb_big_plus	fn	zeo	VALUE (VALUE, VALUE)
rb_big_pow	fn	zeo	VALUE (VALUE, VALUE)
rb_big_resize	fn	stub	void (VALUE, size_t)
rb_big_rshift	fn	stub	VALUE (VALUE, VALUE)
rb_big_sign	fn	stub	int (VALUE)
rb_big_unpack	fn	stub	VALUE (unsigned long *, long)
rb_big_xor	fn	stub	VALUE (VALUE, VALUE)
rb_bigzero_p	fn	stub	int (VALUE)
rb_binding_new	fn	stub	VALUE (void)
rb_block_call	fn	stub	VALUE (VALUE, ID, int, const VALUE *, rb_block_call_func_t, VALUE)
rb_block_call_kw	fn	stub	VALUE (VALUE, ID, int, const VALUE *, rb_block_call_func_t, VALUE, int)
rb_block_given_p	fn	zeo	int (void)
rb_block_lambda	fn	stub	VALUE (void)
rb_block_proc	fn	stub	VALUE (void)
rb_bug	fn	zeo	void (const char *, ...) __attribute__((noreturn))
rb_bug_errno	fn	stub	void (const char *, int) __attribute__((noreturn))
rb_cArray	var	global	VALUE
rb_cBasicObject	var	global	VALUE
rb_cBinding	var	global	VALUE
rb_cBox	var	global	VALUE
rb_cClass	var	global	VALUE
rb_cComplex	var	global	VALUE
rb_cDir	var	global	VALUE
rb_cEncoding	var	global	VALUE
rb_cEnumerator	var	global	VALUE
rb_cFalseClass	var	global	VALUE
rb_cFile	var	global	VALUE
rb_cFloat	var	global	VALUE
rb_cHash	var	global	VALUE
rb_cIO	var	global	VALUE
rb_cInteger	var	global	VALUE
rb_cMatch	var	global	VALUE
rb_cMethod	var	global	VALUE
rb_cModule	var	global	VALUE
rb_cNameErrorMesg	var	global	VALUE
rb_cNilClass	var	global	VALUE
rb_cNumeric	var	global	VALUE
rb_cObject	var	global	VALUE
rb_cProc	var	global	VALUE
rb_cRandom	var	global	VALUE
rb_cRange	var	global	VALUE
rb_cRational	var	global	VALUE
rb_cRefinement	var	global	VALUE
rb_cRegexp	var	global	VALUE
rb_cSet	var	global	VALUE
rb_cStat	var	global	VALUE
rb_cString	var	global	VALUE
rb_cStruct	var	global	VALUE
rb_cSymbol	var	global	VALUE
rb_cThread	var	global	VALUE
rb_cTime	var	global	VALUE
rb_cTrueClass	var	global	VALUE
rb_cUnboundMethod	var	global	VALUE
rb_call_super	fn	stub	VALUE (int, const VALUE *)
rb_call_super_kw	fn	stub	VALUE (int, const VALUE *, int)
rb_catch	fn	stub	VALUE (const char *, rb_block_call_func_t, VALUE)
rb_catch_obj	fn	stub	VALUE (VALUE, rb_block_call_func_t, VALUE)
rb_category_compile_warn	fn	stub	void (rb_warning_category_t, const char *, int, const char *, ...)
rb_category_warn	fn	stub	void (rb_warning_category_t, const char *, ...)
rb_category_warning	fn	stub	void (rb_warning_category_t, const char *, ...)
rb_check_array_type	fn	zeo	VALUE (VALUE)
rb_check_convert_type	fn	stub	VALUE (VALUE, int, const char *, const char *)
rb_check_copyable	fn	stub	void (VALUE, VALUE)
rb_check_frozen	fn	stub	void (VALUE)
rb_check_funcall	fn	stub	VALUE (VALUE, ID, int, const VALUE *)
rb_check_funcall_kw	fn	stub	VALUE (VALUE, ID, int, const VALUE *, int)
rb_check_hash_type	fn	zeo	VALUE (VALUE)
rb_check_id	fn	stub	ID (volatile VALUE *)
rb_check_inheritable	fn	stub	void (VALUE)
rb_check_safe_str	fn	stub	void (VALUE)
rb_check_string_type	fn	zeo	VALUE (VALUE)
rb_check_symbol	fn	stub	VALUE (volatile VALUE *)
rb_check_to_float	fn	stub	VALUE (VALUE)
rb_check_to_int	fn	stub	VALUE (VALUE)
rb_check_to_integer	fn	stub	VALUE (VALUE, const char *)
rb_check_type	fn	stub	void (VALUE, int)
rb_check_typeddata	fn	zeo	void *(VALUE, const rb_data_type_t *)
rb_class2name	fn	zeo	const char *(VALUE)
rb_class_attached_object	fn	zeo	VALUE (VALUE)
rb_class_descendants	fn	stub	VALUE (VALUE)
rb_class_get_superclass	fn	stub	VALUE (VALUE)
rb_class_inherited_p	fn	zeo	VALUE (VALUE, VALUE)
rb_class_instance_methods	fn	stub	VALUE (int, const VALUE *, VALUE)
rb_class_name	fn	stub	VALUE (VALUE)
rb_class_new	fn	stub	VALUE (VALUE)
rb_class_new_instance	fn	stub	VALUE (int, const VALUE *, VALUE)
rb_class_new_instance_kw	fn	stub	VALUE (int, const VALUE *, VALUE, int)
rb_class_new_instance_pass_kw	fn	stub	VALUE (int, const VALUE *, VALUE)
rb_class_path	fn	stub	VALUE (VALUE)
rb_class_path_cached	fn	stub	VALUE (VALUE)
rb_class_private_instance_methods	fn	stub	VALUE (int, const VALUE *, VALUE)
rb_class_protected_instance_methods	fn	stub	VALUE (int, const VALUE *, VALUE)
rb_class_public_instance_methods	fn	stub	VALUE (int, const VALUE *, VALUE)
rb_class_real	fn	stub	VALUE (VALUE)
rb_class_subclasses	fn	zeo	VALUE (VALUE)
rb_class_superclass	fn	zeo	VALUE (VALUE)
rb_clear_constant_cache	fn	stub	void (void)
rb_clear_constant_cache_for_id	fn	stub	void (ID)
rb_cloexec_dup	fn	stub	int (int)
rb_cloexec_dup2	fn	stub	int (int, int)
rb_cloexec_fcntl_dupfd	fn	stub	int (int, int)
rb_cloexec_open	fn	stub	int (const char *, int, mode_t)
rb_cloexec_pipe	fn	stub	int (int *)
rb_close_before_exec	fn	stub	void (int, int, VALUE)
rb_cmperr	fn	stub	void (VALUE, VALUE) __attribute__((noreturn))
rb_cmpint	fn	stub	int (VALUE, VALUE, VALUE)
rb_compile_warn	fn	stub	void (const char *, int, const char *, ...)
rb_compile_warning	fn	stub	void (const char *, int, const char *, ...)
rb_complex_abs	fn	zeo	VALUE (VALUE)
rb_complex_arg	fn	zeo	VALUE (VALUE)
rb_complex_conjugate	fn	zeo	VALUE (VALUE)
rb_complex_div	fn	zeo	VALUE (VALUE, VALUE)
rb_complex_imag	fn	zeo	VALUE (VALUE)
rb_complex_minus	fn	zeo	VALUE (VALUE, VALUE)
rb_complex_mul	fn	stub	VALUE (VALUE, VALUE)
rb_complex_new	fn	stub	VALUE (VALUE, VALUE)
rb_complex_new_polar	fn	stub	VALUE (VALUE, VALUE)
rb_complex_plus	fn	zeo	VALUE (VALUE, VALUE)
rb_complex_polar	fn	stub	VALUE (VALUE, VALUE)
rb_complex_pow	fn	zeo	VALUE (VALUE, VALUE)
rb_complex_raw	fn	stub	VALUE (VALUE, VALUE)
rb_complex_real	fn	zeo	VALUE (VALUE)
rb_complex_uminus	fn	stub	VALUE (VALUE)
rb_const_defined	fn	stub	int (VALUE, ID)
rb_const_defined_at	fn	stub	int (VALUE, ID)
rb_const_defined_from	fn	stub	int (VALUE, ID)
rb_const_get	fn	stub	VALUE (VALUE, ID)
rb_const_get_at	fn	stub	VALUE (VALUE, ID)
rb_const_get_from	fn	stub	VALUE (VALUE, ID)
rb_const_list	fn	stub	VALUE (void *)
rb_const_remove	fn	stub	VALUE (VALUE, ID)
rb_const_set	fn	stub	void (VALUE, ID, VALUE)
rb_convert_type	fn	stub	VALUE (VALUE, int, const char *, const char *)
rb_copy_generic_ivar	fn	stub	void (VALUE, VALUE)
rb_cstr2inum	fn	stub	VALUE (const char *, int)
rb_cstr_to_dbl	fn	stub	double (const char *, int)
rb_cstr_to_inum	fn	stub	VALUE (const char *, int, int)
rb_current_receiver	fn	stub	VALUE (void)
rb_cv_get	fn	stub	VALUE (VALUE, const char *)
rb_cv_set	fn	stub	void (VALUE, const char *, VALUE)
rb_cvar_defined	fn	stub	VALUE (VALUE, ID)
rb_cvar_find	fn	stub	VALUE (VALUE, ID, VALUE *)
rb_cvar_get	fn	stub	VALUE (VALUE, ID)
rb_cvar_set	fn	stub	void (VALUE, ID, VALUE)
rb_data_define	fn	stub	VALUE (VALUE, ...)
rb_data_object_wrap	fn	zeo	VALUE (VALUE, void *, RUBY_DATA_FUNC, RUBY_DATA_FUNC)
rb_data_object_zalloc	fn	zeo	VALUE (VALUE, size_t, RUBY_DATA_FUNC, RUBY_DATA_FUNC)
rb_data_typed_object_wrap	fn	zeo	VALUE (VALUE, void *, const rb_data_type_t *)
rb_data_typed_object_zalloc	fn	zeo	VALUE (VALUE, size_t, const rb_data_type_t *)
rb_dbl2big	fn	stub	VALUE (double)
rb_dbl_cmp	fn	stub	VALUE (double, double)
rb_dbl_complex_new	fn	stub	VALUE (double, double)
rb_debug_rstring_null_ptr	fn	stub	void (const char *)
rb_default_rs	var	global	VALUE
rb_define_alias	fn	zeo	void (VALUE, const char *, const char *)
rb_define_alloc_func	fn	zeo	void (VALUE, rb_alloc_func_t)
rb_define_attr	fn	stub	void (VALUE, const char *, int, int)
rb_define_class	fn	zeo	VALUE (const char *, VALUE)
rb_define_class_id	fn	stub	VALUE (ID, VALUE)
rb_define_class_id_under	fn	stub	VALUE (VALUE, ID, VALUE)
rb_define_class_under	fn	zeo	VALUE (VALUE, const char *, VALUE)
rb_define_class_variable	fn	stub	void (VALUE, const char *, VALUE)
rb_define_const	fn	zeo	void (VALUE, const char *, VALUE)
rb_define_finalizer	fn	stub	VALUE (VALUE, VALUE)
rb_define_global_const	fn	stub	void (const char *, VALUE)
rb_define_global_function	fn	stub	void (const char *, VALUE (*)(), int)
rb_define_hooked_variable	fn	stub	void (const char *, VALUE *, rb_gvar_getter_t *, rb_gvar_setter_t *)
rb_define_method	fn	zeo	void (VALUE, const char *, VALUE (*)(), int)
rb_define_method_id	fn	stub	void (VALUE, ID, VALUE (*)(), int)
rb_define_module	fn	zeo	VALUE (const char *)
rb_define_module_function	fn	stub	void (VALUE, const char *, VALUE (*)(), int)
rb_define_module_id	fn	stub	VALUE (ID)
rb_define_module_id_under	fn	stub	VALUE (VALUE, ID)
rb_define_module_under	fn	zeo	VALUE (VALUE, const char *)
rb_define_private_method	fn	zeo	void (VALUE, const char *, VALUE (*)(), int)
rb_define_protected_method	fn	zeo	void (VALUE, const char *, VALUE (*)(), int)
rb_define_readonly_variable	fn	stub	void (const char *, const VALUE *)
rb_define_singleton_method	fn	zeo	void (VALUE, const char *, VALUE (*)(), int)
rb_define_variable	fn	stub	void (const char *, VALUE *)
rb_define_virtual_variable	fn	stub	void (const char *, rb_gvar_getter_t *, rb_gvar_setter_t *)
rb_deprecate_constant	fn	stub	void (VALUE, const char *)
rb_detach_process	fn	stub	VALUE (rb_pid_t)
rb_dir_getwd	fn	stub	VALUE (void)
rb_during_gc	fn	stub	int (void)
rb_eArgError	var	global	VALUE
rb_eEOFError	var	global	VALUE
rb_eEncCompatError	var	global	VALUE
rb_eEncodingError	var	global	VALUE
rb_eException	var	global	VALUE
rb_eFatal	var	global	VALUE
rb_eFloatDomainError	var	global	VALUE
rb_eFrozenError	var	global	VALUE
rb_eIOError	var	global	VALUE
rb_eIndexError	var	global	VALUE
rb_eInterrupt	var	global	VALUE
rb_eKeyError	var	global	VALUE
rb_eLoadError	var	global	VALUE
rb_eLocalJumpError	var	global	VALUE
rb_eMathDomainError	var	global	VALUE
rb_eNameError	var	global	VALUE
rb_eNoMatchingPatternError	var	global	VALUE
rb_eNoMatchingPatternKeyError	var	global	VALUE
rb_eNoMemError	var	global	VALUE
rb_eNoMethodError	var	global	VALUE
rb_eNotImpError	var	global	VALUE
rb_eRangeError	var	global	VALUE
rb_eRegexpError	var	global	VALUE
rb_eRuntimeError	var	global	VALUE
rb_eScriptError	var	global	VALUE
rb_eSecurityError	var	global	VALUE
rb_eSignal	var	global	VALUE
rb_eStandardError	var	global	VALUE
rb_eStopIteration	var	global	VALUE
rb_eSyntaxError	var	global	VALUE
rb_eSysStackError	var	global	VALUE
rb_eSystemCallError	var	global	VALUE
rb_eSystemExit	var	global	VALUE
rb_eThreadError	var	global	VALUE
rb_eTypeError	var	global	VALUE
rb_eZeroDivError	var	global	VALUE
rb_each	fn	stub	VALUE (VALUE)
rb_ensure	fn	zeo	VALUE (VALUE (*)(VALUE), VALUE, VALUE (*)(VALUE), VALUE)
rb_enum_values_pack	fn	stub	VALUE (int, const VALUE *)
rb_enumeratorize	fn	stub	VALUE (VALUE, VALUE, int, const VALUE *)
rb_enumeratorize_with_size	fn	stub	VALUE (VALUE, VALUE, int, const VALUE *, rb_enumerator_size_func *)
rb_enumeratorize_with_size_kw	fn	stub	VALUE (VALUE, VALUE, int, const VALUE *, rb_enumerator_size_func *, int)
rb_env_clear	fn	stub	VALUE (void)
rb_eql	fn	stub	int (VALUE, VALUE)
rb_equal	fn	stub	VALUE (VALUE, VALUE)
rb_errinfo	fn	zeo	VALUE (void)
rb_errno	fn	stub	int (void)
rb_errno_ptr	fn	stub	int *(void)
rb_errno_set	fn	stub	void (int)
rb_error_arity	fn	stub	void (int, int, int) __attribute__((noreturn))
rb_error_frozen	fn	stub	void (const char *) __attribute__((noreturn))
rb_error_frozen_object	fn	stub	void (VALUE) __attribute__((noreturn))
rb_eval_cmd_kw	fn	stub	VALUE (VALUE, VALUE, int)
rb_eval_string	fn	stub	VALUE (const char *)
rb_eval_string_protect	fn	stub	VALUE (const char *, int *)
rb_eval_string_wrap	fn	stub	VALUE (const char *, int *)
rb_exc_fatal	fn	stub	void (VALUE) __attribute__((noreturn))
rb_exc_new	fn	stub	VALUE (VALUE, const char *, long)
rb_exc_new_cstr	fn	stub	VALUE (VALUE, const char *)
rb_exc_new_str	fn	stub	VALUE (VALUE, VALUE)
rb_exc_raise	fn	zeo	void (VALUE) __attribute__((noreturn))
rb_exec_recursive	fn	stub	VALUE (VALUE (*)(VALUE, VALUE, int), VALUE, VALUE)
rb_exec_recursive_outer	fn	stub	VALUE (VALUE (*)(VALUE, VALUE, int), VALUE, VALUE)
rb_exec_recursive_paired	fn	stub	VALUE (VALUE (*)(VALUE, VALUE, int), VALUE, VALUE, VALUE)
rb_exec_recursive_paired_outer	fn	stub	VALUE (VALUE (*)(VALUE, VALUE, int), VALUE, VALUE, VALUE)
rb_exit	fn	stub	void (int) __attribute__((noreturn))
rb_ext_ractor_safe	fn	stub	void (bool)
rb_ext_resolve_symbol	fn	stub	void *(const char *, const char *)
rb_extend_object	fn	zeo	void (VALUE, VALUE)
rb_external_str_new	fn	stub	VALUE (const char *, long)
rb_external_str_new_cstr	fn	stub	VALUE (const char *)
rb_extract_keywords	fn	stub	VALUE (VALUE *)
rb_f_abort	fn	stub	VALUE (int, const VALUE *) __attribute__((noreturn))
rb_f_exec	fn	stub	VALUE (int, const VALUE *) __attribute__((noreturn))
rb_f_exit	fn	stub	VALUE (int, const VALUE *) __attribute__((noreturn))
rb_f_global_variables	fn	stub	VALUE (void)
rb_f_kill	fn	stub	VALUE (int, const VALUE *)
rb_f_notimplement	fn	stub	VALUE (int, const VALUE *, VALUE, VALUE) __attribute__((noreturn))
rb_f_require	fn	stub	VALUE (VALUE, VALUE)
rb_f_sprintf	fn	stub	VALUE (int, const VALUE *)
rb_f_trace_var	fn	stub	VALUE (int, const VALUE *)
rb_f_untrace_var	fn	stub	VALUE (int, const VALUE *)
rb_fatal	fn	zeo	void (const char *, ...) __attribute__((noreturn))
rb_fd_fix_cloexec	fn	stub	void (int)
rb_feature_provided	fn	stub	int (const char *, const char **)
rb_fiber_alive_p	fn	zeo	VALUE (VALUE)
rb_fiber_current	fn	stub	VALUE (void)
rb_fiber_new	fn	stub	VALUE (rb_block_call_func_t, VALUE)
rb_fiber_new_storage	fn	stub	VALUE (rb_block_call_func_t, VALUE, VALUE)
rb_fiber_raise	fn	stub	VALUE (VALUE, int, VALUE *)
rb_fiber_resume	fn	stub	VALUE (VALUE, int, const VALUE *)
rb_fiber_resume_kw	fn	stub	VALUE (VALUE, int, const VALUE *, int)
rb_fiber_transfer	fn	stub	VALUE (VALUE, int, const VALUE *)
rb_fiber_transfer_kw	fn	stub	VALUE (VALUE, int, const VALUE *, int)
rb_fiber_yield	fn	stub	VALUE (int, const VALUE *)
rb_fiber_yield_kw	fn	stub	VALUE (int, const VALUE *, int)
rb_file_absolute_path	fn	stub	VALUE (VALUE, VALUE)
rb_file_directory_p	fn	stub	VALUE (VALUE, VALUE)
rb_file_dirname	fn	stub	VALUE (VALUE)
rb_file_expand_path	fn	stub	VALUE (VALUE, VALUE)
rb_file_open	fn	stub	VALUE (const char *, const char *)
rb_file_open_str	fn	stub	VALUE (VALUE, const char *)
rb_file_s_absolute_path	fn	stub	VALUE (int, const VALUE *)
rb_file_s_expand_path	fn	stub	VALUE (int, const VALUE *)
rb_file_size	fn	stub	rb_off_t (VALUE)
rb_filesystem_str_new	fn	stub	VALUE (const char *, long)
rb_filesystem_str_new_cstr	fn	stub	VALUE (const char *)
rb_find_file	fn	stub	VALUE (VALUE)
rb_find_file_ext	fn	stub	int (VALUE *, const char *const *)
rb_fix2int	fn	stub	long (VALUE)
rb_fix2short	fn	stub	short (VALUE)
rb_fix2str	fn	stub	VALUE (VALUE, int)
rb_fix2uint	fn	stub	unsigned long (VALUE)
rb_fix2ushort	fn	stub	unsigned short (VALUE)
rb_float_new	fn	zeo	VALUE (double)
rb_float_new_in_heap	fn	stub	VALUE (double)
rb_float_value	fn	zeo	double (VALUE)
rb_flt_rationalize	fn	stub	VALUE (VALUE)
rb_flt_rationalize_with_prec	fn	stub	VALUE (VALUE, VALUE)
rb_frame_callee	fn	stub	ID (void)
rb_frame_method_id_and_class	fn	stub	int (ID *, VALUE *)
rb_frame_this_func	fn	stub	ID (void)
rb_free_generic_ivar	fn	stub	void (VALUE)
rb_free_tmp_buffer	fn	stub	void (volatile VALUE *)
rb_freeze_singleton_class	fn	stub	void (VALUE)
rb_frozen_error_raise	fn	stub	void (VALUE, const char *, ...) __attribute__((noreturn))
rb_fs	var	global	VALUE
rb_funcall	fn	zeo	VALUE (VALUE, ID, int, ...)
rb_funcall_passing_block	fn	stub	VALUE (VALUE, ID, int, const VALUE *)
rb_funcall_passing_block_kw	fn	stub	VALUE (VALUE, ID, int, const VALUE *, int)
rb_funcall_with_block	fn	zeo	VALUE (VALUE, ID, int, const VALUE *, VALUE)
rb_funcall_with_block_kw	fn	stub	VALUE (VALUE, ID, int, const VALUE *, VALUE, int)
rb_funcallv	fn	zeo	VALUE (VALUE, ID, int, const VALUE *)
rb_funcallv_kw	fn	stub	VALUE (VALUE, ID, int, const VALUE *, int)
rb_funcallv_public	fn	zeo	VALUE (VALUE, ID, int, const VALUE *)
rb_funcallv_public_kw	fn	stub	VALUE (VALUE, ID, int, const VALUE *, int)
rb_gc	fn	stub	void (void)
rb_gc_adjust_memory_usage	fn	stub	void (ssize_t)
rb_gc_copy_finalizer	fn	stub	void (VALUE, VALUE)
rb_gc_count	fn	stub	size_t (void)
rb_gc_disable	fn	stub	VALUE (void)
rb_gc_enable	fn	stub	VALUE (void)
rb_gc_latest_gc_info	fn	stub	VALUE (VALUE)
rb_gc_location	fn	zeo	VALUE (VALUE)
rb_gc_mark	fn	zeo	void (VALUE)
rb_gc_mark_locations	fn	zeo	void (const VALUE *, const VALUE *)
rb_gc_mark_maybe	fn	stub	void (VALUE)
rb_gc_mark_movable	fn	zeo	void (VALUE)
rb_gc_register_address	fn	zeo	void (VALUE *)
rb_gc_register_mark_object	fn	stub	void (VALUE)
rb_gc_start	fn	stub	VALUE (void)
rb_gc_stat	fn	stub	size_t (VALUE)
rb_gc_unregister_address	fn	zeo	void (VALUE *)
rb_gc_update_tbl_refs	fn	stub	void (st_table *)
rb_gc_writebarrier	fn	stub	void (VALUE, VALUE)
rb_gc_writebarrier_unprotect	fn	stub	void (VALUE)
rb_genrand_int32	fn	stub	unsigned int (void)
rb_genrand_real	fn	stub	double (void)
rb_genrand_ulong_limited	fn	stub	unsigned long (unsigned long)
rb_get_alloc_func	fn	stub	rb_alloc_func_t (VALUE)
rb_get_argv	fn	stub	VALUE (void)
rb_get_kwargs	fn	stub	int (VALUE, const ID *, int, int, VALUE *)
rb_get_path	fn	stub	VALUE (VALUE)
rb_get_path_no_checksafe	fn	stub	VALUE (VALUE)
rb_get_values_at	fn	stub	VALUE (VALUE, long, int, const VALUE *, VALUE (*)(VALUE, long))
rb_gets	fn	stub	VALUE (void)
rb_glob	fn	stub	void (const char *, void (*)(const char *, VALUE, void *), VALUE)
rb_global_variable	fn	zeo	void (VALUE *)
rb_gv_get	fn	stub	VALUE (const char *)
rb_gv_set	fn	stub	VALUE (const char *, VALUE)
rb_gvar_readonly_setter	fn	stub	void (VALUE, ID, VALUE *) __attribute__((noreturn))
rb_hash	fn	stub	VALUE (VALUE)
rb_hash_aref	fn	zeo	VALUE (VALUE, VALUE)
rb_hash_aset	fn	zeo	VALUE (VALUE, VALUE, VALUE)
rb_hash_bulk_insert	fn	stub	void (long, const VALUE *, VALUE)
rb_hash_bulk_insert_into_st_table	fn	stub	void (long, const VALUE *, VALUE)
rb_hash_clear	fn	zeo	VALUE (VALUE)
rb_hash_delete	fn	zeo	VALUE (VALUE, VALUE)
rb_hash_delete_if	fn	stub	VALUE (VALUE)
rb_hash_dup	fn	zeo	VALUE (VALUE)
rb_hash_fetch	fn	zeo	VALUE (VALUE, VALUE)
rb_hash_foreach	fn	zeo	void (VALUE, int (*)(VALUE, VALUE, VALUE), VALUE)
rb_hash_freeze	fn	zeo	VALUE (VALUE)
rb_hash_lookup	fn	zeo	VALUE (VALUE, VALUE)
rb_hash_lookup2	fn	zeo	VALUE (VALUE, VALUE, VALUE)
rb_hash_new	fn	zeo	VALUE (void)
rb_hash_new_capa	fn	zeo	VALUE (long)
rb_hash_set_ifnone	fn	stub	VALUE (VALUE, VALUE)
rb_hash_size	fn	zeo	VALUE (VALUE)
rb_hash_size_num	fn	stub	size_t (VALUE)
rb_hash_start	fn	stub	st_index_t (st_index_t)
rb_hash_tbl	fn	stub	struct st_table *(VALUE, const char *, int)
rb_hash_update_by	fn	stub	VALUE (VALUE, VALUE, rb_hash_update_func *)
rb_id2name	fn	zeo	const char *(ID)
rb_id2str	fn	stub	VALUE (ID)
rb_id2sym	fn	zeo	VALUE (ID)
rb_id_attrset	fn	stub	ID (ID)
rb_include_module	fn	zeo	void (VALUE, VALUE)
rb_inspect	fn	stub	VALUE (VALUE)
rb_int2big	fn	stub	VALUE (intptr_t)
rb_int2inum	fn	zeo	VALUE (intptr_t)
rb_integer_pack	fn	stub	int (VALUE, void *, size_t, size_t, size_t, int)
rb_integer_unpack	fn	stub	VALUE (const void *, size_t, size_t, size_t, int)
rb_intern	fn	zeo	ID (const char *)
rb_intern2	fn	zeo	ID (const char *, long)
rb_intern_str	fn	zeo	ID (VALUE)
rb_interned_str	fn	stub	VALUE (const char *, long)
rb_interned_str_cstr	fn	stub	VALUE (const char *)
rb_interrupt	fn	stub	void (void) __attribute__((noreturn))
rb_invalid_str	fn	stub	void (const char *, const char *) __attribute__((noreturn))
rb_io_addstr	fn	stub	VALUE (VALUE, VALUE)
rb_io_ascii8bit_binmode	fn	stub	VALUE (VALUE)
rb_io_binmode	fn	zeo	VALUE (VALUE)
rb_io_close	fn	zeo	VALUE (VALUE)
rb_io_eof	fn	zeo	VALUE (VALUE)
rb_io_fdopen	fn	stub	VALUE (int, int, const char *)
rb_io_flush	fn	zeo	VALUE (VALUE)
rb_io_getbyte	fn	zeo	VALUE (VALUE)
rb_io_gets	fn	zeo	VALUE (VALUE)
rb_io_print	fn	stub	VALUE (int, const VALUE *, VALUE)
rb_io_printf	fn	stub	VALUE (int, const VALUE *, VALUE)
rb_io_puts	fn	stub	VALUE (int, const VALUE *, VALUE)
rb_io_ungetbyte	fn	zeo	VALUE (VALUE, VALUE)
rb_io_ungetc	fn	zeo	VALUE (VALUE, VALUE)
rb_io_write	fn	zeo	VALUE (VALUE, VALUE)
rb_is_absolute_path	fn	stub	int (const char *)
rb_is_attrset_id	fn	stub	int (ID)
rb_is_class_id	fn	stub	int (ID)
rb_is_const_id	fn	stub	int (ID)
rb_is_global_id	fn	stub	int (ID)
rb_is_instance_id	fn	stub	int (ID)
rb_is_junk_id	fn	stub	int (ID)
rb_is_local_id	fn	stub	int (ID)
rb_iter_break	fn	stub	void (void) __attribute__((noreturn))
rb_iter_break_value	fn	stub	void (VALUE) __attribute__((noreturn))
rb_iterate	fn	stub	VALUE (VALUE (*)(VALUE), VALUE, rb_block_call_func_t, VALUE)
rb_iv_get	fn	stub	VALUE (VALUE, const char *)
rb_iv_set	fn	stub	VALUE (VALUE, const char *, VALUE)
rb_ivar_count	fn	stub	st_index_t (VALUE)
rb_ivar_defined	fn	stub	VALUE (VALUE, ID)
rb_ivar_foreach	fn	stub	void (VALUE, int (*)(ID, VALUE, st_data_t), st_data_t)
rb_ivar_get	fn	zeo	VALUE (VALUE, ID)
rb_ivar_set	fn	zeo	VALUE (VALUE, ID, VALUE)
rb_jump_tag	fn	zeo	void (int) __attribute__((noreturn))
rb_keyword_given_p	fn	stub	int (void)
rb_last_status_get	fn	stub	VALUE (void)
rb_last_status_set	fn	stub	void (int, rb_pid_t)
rb_lastline_get	fn	stub	VALUE (void)
rb_lastline_set	fn	stub	void (VALUE)
rb_ll2inum	fn	zeo	VALUE (long long)
rb_load	fn	stub	void (VALUE, int)
rb_load_file	fn	stub	void *(const char *)
rb_load_file_str	fn	stub	void *(VALUE)
rb_load_protect	fn	stub	void (VALUE, int, int *)
rb_loaderror	fn	stub	void (const char *, ...) __attribute__((noreturn))
rb_loaderror_with_path	fn	stub	void (VALUE, const char *, ...) __attribute__((noreturn))
rb_locale_str_new	fn	stub	VALUE (const char *, long)
rb_locale_str_new_cstr	fn	stub	VALUE (const char *)
rb_mComparable	var	global	VALUE
rb_mEnumerable	var	global	VALUE
rb_mErrno	var	global	VALUE
rb_mFileTest	var	global	VALUE
rb_mGC	var	global	VALUE
rb_mKernel	var	global	VALUE
rb_mMath	var	global	VALUE
rb_mProcess	var	global	VALUE
rb_mWaitReadable	var	global	VALUE
rb_mWaitWritable	var	global	VALUE
rb_make_backtrace	fn	stub	VALUE (void)
rb_make_exception	fn	stub	VALUE (int, const VALUE *)
rb_mark_hash	fn	stub	void (struct st_table *)
rb_mark_set	fn	stub	void (struct st_table *)
rb_mark_tbl	fn	stub	void (struct st_table *)
rb_mark_tbl_no_pin	fn	stub	void (struct st_table *)
rb_marshal_define_compat	fn	stub	void (VALUE, VALUE, VALUE (*)(VALUE), VALUE (*)(VALUE, VALUE))
rb_marshal_dump	fn	stub	VALUE (VALUE, VALUE)
rb_marshal_load	fn	stub	VALUE (VALUE)
rb_match_busy	fn	stub	void (VALUE)
rb_mem_clear	fn	stub	void (VALUE *, long)
rb_memcicmp	fn	stub	int (const void *, const void *, long)
rb_memerror	fn	stub	void (void) __attribute__((noreturn))
rb_memhash	fn	stub	st_index_t (const void *, long)
rb_memory_id	fn	stub	VALUE (VALUE)
rb_method_basic_definition_p	fn	stub	int (VALUE, ID)
rb_method_boundp	fn	stub	int (VALUE, ID, int)
rb_method_call	fn	stub	VALUE (int, const VALUE *, VALUE)
rb_method_call_kw	fn	stub	VALUE (int, const VALUE *, VALUE, int)
rb_method_call_with_block	fn	stub	VALUE (int, const VALUE *, VALUE, VALUE)
rb_method_call_with_block_kw	fn	stub	VALUE (int, const VALUE *, VALUE, VALUE, int)
rb_mod_ancestors	fn	zeo	VALUE (VALUE)
rb_mod_class_variables	fn	stub	VALUE (int, const VALUE *, VALUE)
rb_mod_const_at	fn	stub	void *(VALUE, void *)
rb_mod_const_of	fn	stub	void *(VALUE, void *)
rb_mod_constants	fn	stub	VALUE (int, const VALUE *, VALUE)
rb_mod_include_p	fn	zeo	VALUE (VALUE, VALUE)
rb_mod_included_modules	fn	zeo	VALUE (VALUE)
rb_mod_init_copy	fn	stub	VALUE (VALUE, VALUE)
rb_mod_method_arity	fn	stub	int (VALUE, ID)
rb_mod_module_eval	fn	stub	VALUE (int, const VALUE *, VALUE)
rb_mod_module_exec	fn	stub	VALUE (int, const VALUE *, VALUE)
rb_mod_name	fn	zeo	VALUE (VALUE)
rb_mod_remove_const	fn	zeo	VALUE (VALUE, VALUE)
rb_mod_remove_cvar	fn	stub	VALUE (VALUE, VALUE)
rb_mod_sys_fail	fn	stub	void (VALUE, const char *) __attribute__((noreturn))
rb_mod_sys_fail_str	fn	stub	void (VALUE, VALUE) __attribute__((noreturn))
rb_mod_syserr_fail	fn	stub	void (VALUE, int, const char *) __attribute__((noreturn))
rb_mod_syserr_fail_str	fn	stub	void (VALUE, int, VALUE) __attribute__((noreturn))
rb_module_new	fn	stub	VALUE (void)
rb_must_asciicompat	fn	stub	void (VALUE)
rb_mutex_lock	fn	zeo	VALUE (VALUE)
rb_mutex_locked_p	fn	zeo	VALUE (VALUE)
rb_mutex_new	fn	stub	VALUE (void)
rb_mutex_sleep	fn	zeo	VALUE (VALUE, VALUE)
rb_mutex_synchronize	fn	stub	VALUE (VALUE, VALUE (*)(VALUE), VALUE)
rb_mutex_trylock	fn	stub	VALUE (VALUE)
rb_mutex_unlock	fn	zeo	VALUE (VALUE)
rb_name_error	fn	stub	void (ID, const char *, ...) __attribute__((noreturn))
rb_name_error_str	fn	stub	void (VALUE, const char *, ...) __attribute__((noreturn))
rb_need_block	fn	stub	void (void)
rb_notimplement	fn	stub	void (void) __attribute__((noreturn))
rb_num2dbl	fn	zeo	double (VALUE)
rb_num2fix	fn	stub	VALUE (VALUE)
rb_num2int	fn	zeo	long (VALUE)
rb_num2ll	fn	zeo	long long (VALUE)
rb_num2long	fn	zeo	long (VALUE)
rb_num2short	fn	stub	short (VALUE)
rb_num2uint	fn	stub	unsigned long (VALUE)
rb_num2ull	fn	stub	unsigned long long (VALUE)
rb_num2ulong	fn	stub	unsigned long (VALUE)
rb_num2ushort	fn	stub	unsigned short (VALUE)
rb_num_coerce_bin	fn	stub	VALUE (VALUE, VALUE, ID)
rb_num_coerce_bit	fn	stub	VALUE (VALUE, VALUE, ID)
rb_num_coerce_cmp	fn	stub	VALUE (VALUE, VALUE, ID)
rb_num_coerce_relop	fn	stub	VALUE (VALUE, VALUE, ID)
rb_num_zerodiv	fn	stub	void (void) __attribute__((noreturn))
rb_obj_alloc	fn	stub	VALUE (VALUE)
rb_obj_as_string	fn	stub	VALUE (VALUE)
rb_obj_call_init	fn	stub	void (VALUE, int, const VALUE *)
rb_obj_call_init_kw	fn	stub	void (VALUE, int, const VALUE *, int)
rb_obj_class	fn	zeo	VALUE (VALUE)
rb_obj_classname	fn	zeo	const char *(VALUE)
rb_obj_clone	fn	zeo	VALUE (VALUE)
rb_obj_dup	fn	zeo	VALUE (VALUE)
rb_obj_freeze	fn	zeo	VALUE (VALUE)
rb_obj_freeze_inline	fn	stub	void (VALUE)
rb_obj_frozen_p	fn	zeo	VALUE (VALUE)
rb_obj_hide	fn	stub	VALUE (VALUE)
rb_obj_id	fn	stub	VALUE (VALUE)
rb_obj_init_copy	fn	stub	VALUE (VALUE, VALUE)
rb_obj_instance_eval	fn	stub	VALUE (int, const VALUE *, VALUE)
rb_obj_instance_exec	fn	stub	VALUE (int, const VALUE *, VALUE)
rb_obj_instance_variables	fn	zeo	VALUE (VALUE)
rb_obj_is_fiber	fn	stub	VALUE (VALUE)
rb_obj_is_instance_of	fn	stub	VALUE (VALUE, VALUE)
rb_obj_is_kind_of	fn	zeo	VALUE (VALUE, VALUE)
rb_obj_is_method	fn	stub	VALUE (VALUE)
rb_obj_is_proc	fn	stub	VALUE (VALUE)
rb_obj_method	fn	zeo	VALUE (VALUE, VALUE)
rb_obj_method_arity	fn	stub	int (VALUE, ID)
rb_obj_remove_instance_variable	fn	zeo	VALUE (VALUE, VALUE)
rb_obj_respond_to	fn	stub	int (VALUE, ID, int)
rb_obj_reveal	fn	stub	VALUE (VALUE, VALUE)
rb_obj_setup	fn	stub	VALUE (VALUE, VALUE, VALUE)
rb_obj_singleton_methods	fn	stub	VALUE (int, const VALUE *, VALUE)
rb_out_of_int	fn	stub	void (long) __attribute__((noreturn))
rb_output_fs	var	global	VALUE
rb_output_rs	var	global	VALUE
rb_p	fn	stub	void (VALUE)
rb_path2class	fn	stub	VALUE (const char *)
rb_path_to_class	fn	stub	VALUE (VALUE)
rb_pipe	fn	stub	int (int *)
rb_prepend_module	fn	stub	void (VALUE, VALUE)
rb_proc_arity	fn	stub	int (VALUE)
rb_proc_call	fn	stub	VALUE (VALUE, VALUE)
rb_proc_call_kw	fn	stub	VALUE (VALUE, VALUE, int)
rb_proc_call_with_block	fn	zeo	VALUE (VALUE, int, const VALUE *, VALUE)
rb_proc_call_with_block_kw	fn	stub	VALUE (VALUE, int, const VALUE *, VALUE, int)
rb_proc_exec	fn	stub	int (const char *)
rb_proc_lambda_p	fn	zeo	VALUE (VALUE)
rb_proc_new	fn	stub	VALUE (rb_block_call_func_t, VALUE)
rb_proc_times	fn	stub	VALUE (VALUE)
rb_process_status_wait	fn	stub	VALUE (rb_pid_t, int)
rb_protect	fn	zeo	VALUE (VALUE (*)(VALUE), VALUE, int *)
rb_provide	fn	stub	void (const char *)
rb_provided	fn	stub	int (const char *)
rb_raise	fn	zeo	void (VALUE, const char *, ...) __attribute__((noreturn))
rb_random_bytes	fn	stub	VALUE (VALUE, long)
rb_random_int32	fn	stub	unsigned int (VALUE)
rb_random_real	fn	stub	double (VALUE)
rb_random_ulong_limited	fn	stub	unsigned long (VALUE, unsigned long)
rb_range_beg_len	fn	stub	VALUE (VALUE, long *, long *, long, int)
rb_range_new	fn	stub	VALUE (VALUE, VALUE, int)
rb_range_values	fn	stub	int (VALUE, VALUE *, VALUE *, int *)
rb_rational_den	fn	stub	VALUE (VALUE)
rb_rational_new	fn	stub	VALUE (VALUE, VALUE)
rb_rational_num	fn	stub	VALUE (VALUE)
rb_rational_raw	fn	stub	VALUE (VALUE, VALUE)
rb_readwrite_sys_fail	fn	stub	void (enum rb_io_wait_readwrite, const char *) __attribute__((noreturn))
rb_readwrite_syserr_fail	fn	stub	void (enum rb_io_wait_readwrite, int, const char *) __attribute__((noreturn))
rb_refinement_new	fn	stub	VALUE (void)
rb_reg_alloc	fn	stub	VALUE (void)
rb_reg_backref_number	fn	stub	int (VALUE, VALUE)
rb_reg_init_str	fn	stub	VALUE (VALUE, VALUE, int)
rb_reg_last_match	fn	stub	VALUE (VALUE)
rb_reg_match	fn	stub	VALUE (VALUE, VALUE)
rb_reg_match2	fn	stub	VALUE (VALUE)
rb_reg_match_last	fn	stub	VALUE (VALUE)
rb_reg_match_post	fn	stub	VALUE (VALUE)
rb_reg_match_pre	fn	stub	VALUE (VALUE)
rb_reg_new	fn	stub	VALUE (const char *, long, int)
rb_reg_new_str	fn	stub	VALUE (VALUE, int)
rb_reg_nth_defined	fn	stub	VALUE (int, VALUE)
rb_reg_nth_match	fn	stub	VALUE (int, VALUE)
rb_reg_options	fn	stub	int (VALUE)
rb_remove_event_hook	fn	stub	int (rb_event_hook_func_t)
rb_remove_method	fn	stub	void (VALUE, const char *)
rb_remove_method_id	fn	stub	void (VALUE, ID)
rb_require	fn	stub	VALUE (const char *)
rb_require_string	fn	stub	VALUE (VALUE)
rb_rescue	fn	zeo	VALUE (VALUE (*)(VALUE), VALUE, VALUE (*)(VALUE, VALUE), VALUE)
rb_rescue2	fn	zeo	VALUE (VALUE (*)(VALUE), VALUE, VALUE (*)(VALUE, VALUE), VALUE, ...)
rb_reserved_fd_p	fn	stub	int (int)
rb_reset_random_seed	fn	stub	void (void)
rb_respond_to	fn	zeo	int (VALUE, ID)
rb_rs	var	global	VALUE
rb_ruby_debug_ptr	fn	stub	VALUE *(void)
rb_ruby_verbose_ptr	fn	stub	VALUE *(void)
rb_scan_args	fn	zeo	int (int, const VALUE *, const char *, ...)
rb_scan_args_bad_format	fn	stub	void (const char *)
rb_scan_args_kw	fn	stub	int (int, int, const VALUE *, const char *, ...)
rb_scan_args_length_mismatch	fn	stub	void (const char *, int)
rb_set_add	fn	stub	bool (VALUE, VALUE)
rb_set_class_path	fn	stub	void (VALUE, VALUE, const char *)
rb_set_class_path_string	fn	stub	void (VALUE, VALUE, VALUE)
rb_set_clear	fn	zeo	VALUE (VALUE)
rb_set_delete	fn	stub	bool (VALUE, VALUE)
rb_set_end_proc	fn	stub	void (void (*)(VALUE), VALUE)
rb_set_errinfo	fn	zeo	void (VALUE)
rb_set_foreach	fn	stub	void (VALUE, int (*)(VALUE, VALUE), VALUE)
rb_set_lookup	fn	stub	bool (VALUE, VALUE)
rb_set_new	fn	stub	VALUE (void)
rb_set_new_capa	fn	stub	VALUE (size_t)
rb_set_size	fn	stub	size_t (VALUE)
rb_singleton_class	fn	stub	VALUE (VALUE)
rb_singleton_class_attached	fn	stub	void (VALUE, VALUE)
rb_singleton_class_clone	fn	stub	VALUE (VALUE)
rb_sourcefile	fn	stub	const char *(void)
rb_sourceline	fn	stub	int (void)
rb_spawn	fn	stub	rb_pid_t (int, const VALUE *)
rb_spawn_err	fn	stub	rb_pid_t (int, const VALUE *, char *, size_t)
rb_sprintf	fn	stub	VALUE (const char *, ...)
rb_st_add_direct	fn	stub	void (st_table *, st_data_t, st_data_t)
rb_st_cleanup_safe	fn	stub	void (st_table *, st_data_t)
rb_st_clear	fn	stub	void (st_table *)
rb_st_copy	fn	stub	st_table *(st_table *)
rb_st_delete	fn	stub	int (st_table *, st_data_t *, st_data_t *)
rb_st_delete_safe	fn	stub	int (st_table *, st_data_t *, st_data_t *, st_data_t)
rb_st_foreach	fn	stub	int (st_table *, st_foreach_callback_func *, st_data_t)
rb_st_foreach_check	fn	stub	int (st_table *, st_foreach_check_callback_func *, st_data_t, st_data_t)
rb_st_foreach_safe	fn	stub	void (struct st_table *, st_foreach_callback_func *, st_data_t)
rb_st_foreach_with_replace	fn	stub	int (st_table *, st_foreach_check_callback_func *, st_update_callback_func *, st_data_t)
rb_st_free_table	fn	stub	void (st_table *)
rb_st_get_key	fn	stub	int (st_table *, st_data_t, st_data_t *)
rb_st_hash	fn	stub	st_index_t (const void *, size_t, st_index_t)
rb_st_hash_end	fn	stub	st_index_t (st_index_t)
rb_st_hash_start	fn	stub	st_index_t (st_index_t)
rb_st_hash_uint	fn	stub	st_index_t (st_index_t, st_index_t)
rb_st_hash_uint32	fn	stub	st_index_t (st_index_t, uint32_t)
rb_st_init_numtable	fn	stub	st_table *(void)
rb_st_init_numtable_with_size	fn	stub	st_table *(st_index_t)
rb_st_init_strcasetable	fn	stub	st_table *(void)
rb_st_init_strcasetable_with_size	fn	stub	st_table *(st_index_t)
rb_st_init_strtable	fn	stub	st_table *(void)
rb_st_init_strtable_with_size	fn	stub	st_table *(st_index_t)
rb_st_init_table	fn	stub	st_table *(const struct st_hash_type *)
rb_st_init_table_with_size	fn	stub	st_table *(const struct st_hash_type *, st_index_t)
rb_st_insert	fn	stub	int (st_table *, st_data_t, st_data_t)
rb_st_insert2	fn	stub	int (st_table *, st_data_t, st_data_t, st_data_t (*)(st_data_t))
rb_st_keys	fn	stub	st_index_t (st_table *, st_data_t *, st_index_t)
rb_st_keys_check	fn	stub	st_index_t (st_table *, st_data_t *, st_index_t, st_data_t)
rb_st_locale_insensitive_strcasecmp	fn	stub	int (const char *, const char *)
rb_st_locale_insensitive_strncasecmp	fn	stub	int (const char *, const char *, size_t)
rb_st_lookup	fn	stub	int (st_table *, st_data_t, st_data_t *)
rb_st_memsize	fn	stub	size_t (const st_table *)
rb_st_numcmp	fn	stub	int (st_data_t, st_data_t)
rb_st_numhash	fn	stub	st_index_t (st_data_t)
rb_st_shift	fn	stub	int (st_table *, st_data_t *, st_data_t *)
rb_st_table_size	fn	stub	size_t (const struct st_table *)
rb_st_update	fn	stub	int (st_table *, st_data_t, st_update_callback_func *, st_data_t)
rb_st_values	fn	stub	st_index_t (st_table *, st_data_t *, st_index_t)
rb_st_values_check	fn	stub	st_index_t (st_table *, st_data_t *, st_index_t, st_data_t)
rb_stderr	var	global	VALUE
rb_stdin	var	global	VALUE
rb_stdout	var	global	VALUE
rb_str2inum	fn	stub	VALUE (VALUE, int)
rb_str_append	fn	stub	VALUE (VALUE, VALUE)
rb_str_buf_append	fn	stub	VALUE (VALUE, VALUE)
rb_str_buf_cat	fn	zeo	VALUE (VALUE, const char *, long)
rb_str_buf_cat2	fn	stub	VALUE (VALUE, const char *)
rb_str_buf_cat_ascii	fn	stub	VALUE (VALUE, const char *)
rb_str_buf_new	fn	zeo	VALUE (long)
rb_str_buf_new_cstr	fn	stub	VALUE (const char *)
rb_str_capacity	fn	stub	size_t (VALUE)
rb_str_cat	fn	zeo	VALUE (VALUE, const char *, long)
rb_str_cat2	fn	stub	VALUE (VALUE, const char *)
rb_str_cat_cstr	fn	zeo	VALUE (VALUE, const char *)
rb_str_catf	fn	stub	VALUE (VALUE, const char *, ...)
rb_str_cmp	fn	stub	int (VALUE, VALUE)
rb_str_comparable	fn	stub	int (VALUE, VALUE)
rb_str_concat	fn	zeo	VALUE (VALUE, VALUE)
rb_str_drop_bytes	fn	stub	VALUE (VALUE, long)
rb_str_dump	fn	zeo	VALUE (VALUE)
rb_str_dup	fn	zeo	VALUE (VALUE)
rb_str_dup_frozen	fn	stub	VALUE (VALUE)
rb_str_ellipsize	fn	stub	VALUE (VALUE, long)
rb_str_encode_ospath	fn	stub	VALUE (VALUE)
rb_str_equal	fn	zeo	VALUE (VALUE, VALUE)
rb_str_export	fn	stub	VALUE (VALUE)
rb_str_export_locale	fn	stub	VALUE (VALUE)
rb_str_format	fn	stub	VALUE (int, const VALUE *, VALUE)
rb_str_free	fn	stub	void (VALUE)
rb_str_freeze	fn	zeo	VALUE (VALUE)
rb_str_hash	fn	stub	st_index_t (VALUE)
rb_str_hash_cmp	fn	stub	int (VALUE, VALUE)
rb_str_inspect	fn	zeo	VALUE (VALUE)
rb_str_intern	fn	zeo	VALUE (VALUE)
rb_str_length	fn	zeo	VALUE (VALUE)
rb_str_locktmp	fn	stub	VALUE (VALUE)
rb_str_modify	fn	stub	void (VALUE)
rb_str_modify_expand	fn	stub	void (VALUE, long)
rb_str_new	fn	zeo	VALUE (const char *, long)
rb_str_new_cstr	fn	zeo	VALUE (const char *)
rb_str_new_frozen	fn	stub	VALUE (VALUE)
rb_str_new_shared	fn	stub	VALUE (VALUE)
rb_str_new_static	fn	stub	VALUE (const char *, long)
rb_str_new_with_class	fn	stub	VALUE (VALUE, const char *, long)
rb_str_offset	fn	stub	long (VALUE, long)
rb_str_plus	fn	zeo	VALUE (VALUE, VALUE)
rb_str_replace	fn	zeo	VALUE (VALUE, VALUE)
rb_str_resize	fn	zeo	VALUE (VALUE, long)
rb_str_resurrect	fn	stub	VALUE (VALUE)
rb_str_scrub	fn	zeo	VALUE (VALUE, VALUE)
rb_str_set_len	fn	stub	void (VALUE, long)
rb_str_shared_replace	fn	stub	void (VALUE, VALUE)
rb_str_split	fn	stub	VALUE (VALUE, const char *)
rb_str_strlen	fn	stub	long (VALUE)
rb_str_sublen	fn	stub	long (VALUE, long)
rb_str_subpos	fn	stub	char *(VALUE, long, long *)
rb_str_subseq	fn	stub	VALUE (VALUE, long, long)
rb_str_substr	fn	zeo	VALUE (VALUE, long, long)
rb_str_succ	fn	zeo	VALUE (VALUE)
rb_str_times	fn	zeo	VALUE (VALUE, VALUE)
rb_str_tmp_new	fn	stub	VALUE (long)
rb_str_to_dbl	fn	stub	double (VALUE, int)
rb_str_to_interned_str	fn	stub	VALUE (VALUE)
rb_str_to_inum	fn	stub	VALUE (VALUE, int, int)
rb_str_to_str	fn	zeo	VALUE (VALUE)
rb_str_unlocktmp	fn	stub	VALUE (VALUE)
rb_str_update	fn	stub	void (VALUE, long, long, VALUE)
rb_str_vcatf	fn	stub	VALUE (VALUE, const char *, va_list)
rb_string_value	fn	stub	VALUE (volatile VALUE *)
rb_string_value_cstr	fn	stub	char *(volatile VALUE *)
rb_string_value_ptr	fn	stub	char *(volatile VALUE *)
rb_struct_alloc	fn	stub	VALUE (VALUE, VALUE)
rb_struct_alloc_noinit	fn	stub	VALUE (VALUE)
rb_struct_aref	fn	zeo	VALUE (VALUE, VALUE)
rb_struct_aset	fn	zeo	VALUE (VALUE, VALUE, VALUE)
rb_struct_define	fn	zeo	VALUE (const char *, ...)
rb_struct_define_under	fn	zeo	VALUE (VALUE, const char *, ...)
rb_struct_define_without_accessor	fn	stub	VALUE (const char *, VALUE, rb_alloc_func_t, ...)
rb_struct_define_without_accessor_under	fn	stub	VALUE (VALUE, const char *, VALUE, rb_alloc_func_t, ...)
rb_struct_getmember	fn	stub	VALUE (VALUE, ID)
rb_struct_initialize	fn	stub	VALUE (VALUE, VALUE)
rb_struct_members	fn	zeo	VALUE (VALUE)
rb_struct_new	fn	zeo	VALUE (VALUE, ...)
rb_struct_s_members	fn	stub	VALUE (VALUE)
rb_struct_size	fn	zeo	VALUE (VALUE)
rb_sym2id	fn	zeo	ID (VALUE)
rb_sym2str	fn	zeo	VALUE (VALUE)
rb_sym_all_symbols	fn	stub	VALUE (void)
rb_sym_to_s	fn	zeo	VALUE (VALUE)
rb_symname_p	fn	stub	int (const char *)
rb_sys_fail	fn	stub	void (const char *) __attribute__((noreturn))
rb_sys_fail_str	fn	stub	void (VALUE) __attribute__((noreturn))
rb_sys_warning	fn	stub	void (const char *, ...)
rb_syserr_fail	fn	stub	void (int, const char *) __attribute__((noreturn))
rb_syserr_fail_str	fn	stub	void (int, VALUE) __attribute__((noreturn))
rb_syserr_new	fn	stub	VALUE (int, const char *)
rb_syserr_new_str	fn	stub	VALUE (int, VALUE)
rb_syswait	fn	stub	void (rb_pid_t)
rb_thread_alone	fn	stub	int (void)
rb_thread_atfork	fn	stub	void (void)
rb_thread_atfork_before_exec	fn	stub	void (void)
rb_thread_check_ints	fn	stub	void (void)
rb_thread_create	fn	stub	VALUE (VALUE (*)(void *), void *)
rb_thread_current	fn	stub	VALUE (void)
rb_thread_fd_close	fn	stub	void (int)
rb_thread_fd_select	fn	stub	int (int, rb_fdset_t *, rb_fdset_t *, rb_fdset_t *, struct timeval *)
rb_thread_fd_writable	fn	stub	int (int)
rb_thread_interrupted	fn	stub	int (VALUE)
rb_thread_kill	fn	zeo	VALUE (VALUE)
rb_thread_local_aref	fn	stub	VALUE (VALUE, ID)
rb_thread_local_aset	fn	stub	VALUE (VALUE, ID, VALUE)
rb_thread_main	fn	stub	VALUE (void)
rb_thread_run	fn	zeo	VALUE (VALUE)
rb_thread_schedule	fn	stub	void (void)
rb_thread_sleep	fn	stub	void (int)
rb_thread_sleep_deadly	fn	stub	void (void)
rb_thread_sleep_forever	fn	stub	void (void)
rb_thread_stop	fn	stub	VALUE (void)
rb_thread_wait_fd	fn	stub	int (int)
rb_thread_wait_for	fn	stub	void (struct timeval)
rb_thread_wakeup	fn	zeo	VALUE (VALUE)
rb_thread_wakeup_alive	fn	stub	VALUE (VALUE)
rb_throw	fn	stub	void (const char *, VALUE) __attribute__((noreturn))
rb_throw_obj	fn	stub	void (VALUE, VALUE) __attribute__((noreturn))
rb_time_interval	fn	stub	struct timeval (VALUE)
rb_time_nano_new	fn	stub	VALUE (time_t, long)
rb_time_new	fn	stub	VALUE (time_t, long)
rb_time_num_new	fn	stub	VALUE (VALUE, VALUE)
rb_time_timespec	fn	stub	struct timespec (VALUE)
rb_time_timespec_interval	fn	stub	struct timespec (VALUE)
rb_time_timespec_new	fn	stub	VALUE (const struct timespec *, int)
rb_time_timeval	fn	stub	struct timeval (VALUE)
rb_time_utc_offset	fn	zeo	VALUE (VALUE)
rb_timespec_now	fn	stub	void (struct timespec *)
rb_to_float	fn	stub	VALUE (VALUE)
rb_to_id	fn	stub	ID (VALUE)
rb_to_int	fn	stub	VALUE (VALUE)
rb_to_symbol	fn	stub	VALUE (VALUE)
rb_typeddata_inherited_p	fn	stub	int (const rb_data_type_t *, const rb_data_type_t *)
rb_typeddata_is_kind_of	fn	stub	int (VALUE, const rb_data_type_t *)
rb_uint2big	fn	stub	VALUE (uintptr_t)
rb_uint2inum	fn	stub	VALUE (uintptr_t)
rb_ull2inum	fn	zeo	VALUE (unsigned long long)
rb_undef	fn	stub	void (VALUE, ID)
rb_undef_alloc_func	fn	zeo	void (VALUE)
rb_undef_method	fn	stub	void (VALUE, const char *)
rb_undefine_finalizer	fn	stub	VALUE (VALUE)
rb_unexpected_type	fn	stub	void (VALUE, int) __attribute__((noreturn))
rb_update_max_fd	fn	stub	void (int)
rb_usascii_str_new	fn	zeo	VALUE (const char *, long)
rb_usascii_str_new_cstr	fn	zeo	VALUE (const char *)
rb_usascii_str_new_static	fn	stub	VALUE (const char *, long)
rb_utf8_str_new	fn	zeo	VALUE (const char *, long)
rb_utf8_str_new_cstr	fn	zeo	VALUE (const char *)
rb_utf8_str_new_static	fn	stub	VALUE (const char *, long)
rb_uv_to_utf8	fn	stub	int (char *, unsigned long)
rb_varargs_bad_length	fn	stub	int (int, int)
rb_vrescue2	fn	stub	VALUE (VALUE (*)(VALUE), VALUE, VALUE (*)(VALUE, VALUE), VALUE, va_list)
rb_vsprintf	fn	stub	VALUE (const char *, va_list)
rb_waitpid	fn	stub	rb_pid_t (rb_pid_t, int *, int)
rb_warn	fn	stub	void (const char *, ...)
rb_warning	fn	stub	void (const char *, ...)
rb_write_error	fn	stub	void (const char *)
rb_write_error2	fn	stub	void (const char *, long)
rb_yield	fn	zeo	VALUE (VALUE)
rb_yield_block	fn	stub	VALUE (VALUE, VALUE, int, const VALUE *, VALUE)
rb_yield_splat	fn	stub	VALUE (VALUE)
rb_yield_splat_kw	fn	stub	VALUE (VALUE, int)
rb_yield_values	fn	stub	VALUE (int, ...)
rb_yield_values2	fn	zeo	VALUE (int, const VALUE *)
rb_yield_values_kw	fn	stub	VALUE (int, const VALUE *, int)
ruby_brace_glob	fn	stub	int (const char *, int, ruby_glob_func *, VALUE)
ruby_cleanup	fn	stub	int (int)
ruby_default_signal	fn	stub	void (int)
ruby_exec_node	fn	stub	int (void *)
ruby_executable_node	fn	stub	int (void *, int *)
ruby_finalize	fn	stub	void (void)
ruby_glob	fn	stub	int (const char *, int, ruby_glob_func *, VALUE)
ruby_incpush	fn	stub	void (const char *)
ruby_init	fn	stub	void (void)
ruby_init_loadpath	fn	stub	void (void)
ruby_init_stack	fn	stub	void (void *)
ruby_malloc_add_size_overflow	fn	stub	void (size_t, size_t) __attribute__((noreturn))
ruby_malloc_size_overflow	fn	stub	void (size_t, size_t) __attribute__((noreturn))
ruby_native_thread_p	fn	stub	int (void)
ruby_options	fn	stub	void *(int, char **)
ruby_process_options	fn	stub	void *(int, char **)
ruby_prog_init	fn	stub	void (void)
ruby_run_node	fn	stub	int (void *)
ruby_script	fn	stub	void (const char *)
ruby_set_argv	fn	stub	void (int, char **)
ruby_set_script_name	fn	stub	void (VALUE)
ruby_setup	fn	stub	int (void)
ruby_show_copyright	fn	stub	void (void)
ruby_show_version	fn	stub	void (void)
ruby_sig_finalize	fn	stub	void (void)
ruby_signal_name	fn	stub	const char *(int)
ruby_snprintf	fn	stub	int (char *, size_t, const char *, ...)
ruby_stack_check	fn	stub	int (void)
ruby_stack_length	fn	stub	size_t (VALUE **)
ruby_stop	fn	stub	void (int) __attribute__((noreturn))
ruby_strtoul	fn	stub	unsigned long (const char *, char **, int)
ruby_sysinit	fn	stub	void (int *, char ***)
ruby_vsnprintf	fn	stub	int (char *, size_t, const char *, va_list)
ruby_xcalloc	fn	stub	void *(size_t, size_t)
ruby_xfree	fn	stub	void (void *)
ruby_xmalloc	fn	stub	void *(size_t)
ruby_xmalloc2	fn	stub	void *(size_t, size_t)
ruby_xrealloc	fn	stub	void *(void *, size_t)
ruby_xrealloc2	fn	stub	void *(void *, size_t, size_t)
