path	status	reason
English.rb	fail	`alias`'s global targets must both be plain `$name` globals (spike scope)
arm64-darwin25/rbconfig.rb	fail	`def` with an explicit non-`self` receiver isn't supported yet (spike scope)
bundled_gems.rb	fail	`require` is only supported as a top-level statement with a single string-literal argument (spike sc…
bundler.rb	fail	`require` is only supported as a top-level statement with a single string-literal argument (spike sc…
bundler/build_metadata.rb	pass	
bundler/capistrano.rb	fail	`require` is only supported as a top-level statement with a single string-literal argument (spike sc…
bundler/checksum.rb	fail	panic: unknown class/module `Bundler::Source::Rubygems`
bundler/ci_detector.rb	pass	
bundler/cli.rb	fail	`require_relative` is only supported as a top-level statement with a single string-literal argument …
bundler/cli/add.rb	fail	unknown class/module `CLI` in `CLI::Add` (must be defined earlier in the file)
bundler/cli/binstubs.rb	fail	unknown class/module `CLI` in `CLI::Binstubs` (must be defined earlier in the file)
bundler/cli/cache.rb	fail	`require_relative` is only supported as a top-level statement with a single string-literal argument …
bundler/cli/check.rb	fail	unknown class/module `CLI` in `CLI::Check` (must be defined earlier in the file)
bundler/cli/clean.rb	fail	unknown class/module `CLI` in `CLI::Clean` (must be defined earlier in the file)
bundler/cli/common.rb	fail	unknown class/module `CLI` in `CLI::Common` (must be defined earlier in the file)
bundler/cli/config.rb	fail	unsupported string interpolation part (spike scope)
bundler/cli/console.rb	fail	`require` is only supported as a top-level statement with a single string-literal argument (spike sc…
bundler/cli/doctor.rb	fail	`require_relative` is only supported as a top-level statement with a single string-literal argument …
bundler/cli/doctor/diagnose.rb	fail	cannot load such file
bundler/cli/doctor/ssl.rb	fail	cannot load such file
bundler/cli/exec.rb	fail	`require` is only supported as a top-level statement with a single string-literal argument (spike sc…
bundler/cli/fund.rb	fail	unknown class/module `CLI` in `CLI::Fund` (must be defined earlier in the file)
bundler/cli/gem.rb	fail	unsupported syntax at "`git config user.name`" (spike handles only what the 7 example programs need)
bundler/cli/info.rb	fail	unknown class/module `CLI` in `CLI::Info` (must be defined earlier in the file)
bundler/cli/init.rb	fail	unknown class/module `CLI` in `CLI::Init` (must be defined earlier in the file)
bundler/cli/install.rb	fail	unsupported string interpolation part (spike scope)
bundler/cli/issue.rb	fail	cannot load such file
bundler/cli/list.rb	fail	`autoload` isn't supported (spike scope)
bundler/cli/lock.rb	fail	unknown class/module `CLI` in `CLI::Lock` (must be defined earlier in the file)
bundler/cli/open.rb	fail	`require` is only supported as a top-level statement with a single string-literal argument (spike sc…
bundler/cli/outdated.rb	fail	unsupported string interpolation part (spike scope)
bundler/cli/platform.rb	fail	unknown class/module `CLI` in `CLI::Platform` (must be defined earlier in the file)
bundler/cli/plugin.rb	fail	`require_relative` is only supported as a top-level statement with a single string-literal argument …
bundler/cli/pristine.rb	fail	unknown class/module `CLI` in `CLI::Pristine` (must be defined earlier in the file)
bundler/cli/remove.rb	fail	unknown class/module `CLI` in `CLI::Remove` (must be defined earlier in the file)
bundler/cli/show.rb	fail	unknown class/module `CLI` in `CLI::Show` (must be defined earlier in the file)
bundler/cli/update.rb	fail	`require_relative` is only supported as a top-level statement with a single string-literal argument …
bundler/compact_index_client.rb	fail	`require_relative` is only supported as a top-level statement with a single string-literal argument …
bundler/compact_index_client/cache.rb	fail	unknown class/module `Gem::Resolver::APISet` in `Gem::Resolver::APISet::GemParser` (must be defined …
bundler/compact_index_client/cache_file.rb	fail	`require` is only supported as a top-level statement with a single string-literal argument (spike sc…
bundler/compact_index_client/parser.rb	fail	panic: a nested escaping block capturing its enclosing BLOCK's own local `name` isn't supported yet (spike …
bundler/compact_index_client/updater.rb	fail	unknown superclass `Error` (must be defined earlier in the file)
bundler/constants.rb	fail	cannot load such file
bundler/current_ruby.rb	fail	`require` is only supported as a top-level statement with a single string-literal argument (spike sc…
bundler/definition.rb	fail	`require` is only supported as a top-level statement with a single string-literal argument (spike sc…
bundler/dependency.rb	fail	unsupported string interpolation part (spike scope)
bundler/deployment.rb	fail	`require` is only supported as a top-level statement with a single string-literal argument (spike sc…
bundler/deprecate.rb	fail	`require` is only supported as a top-level statement with a single string-literal argument (spike sc…
bundler/digest.rb	fail	panic: a nested escaping block capturing its enclosing BLOCK's own local `w` isn't supported yet (spike sco…
bundler/dsl.rb	fail	unsupported string interpolation part (spike scope)
bundler/endpoint_specification.rb	fail	`eval` is only supported with exactly one string-literal argument (spike scope)
bundler/env.rb	fail	`require` is only supported as a top-level statement with a single string-literal argument (spike sc…
bundler/environment_preserver.rb	pass	
bundler/errors.rb	fail	unsupported string interpolation part (spike scope)
bundler/feature_flag.rb	fail	panic: unknown class/module `Gem`
bundler/fetcher.rb	fail	`require` is only supported as a top-level statement with a single string-literal argument (spike sc…
bundler/fetcher/base.rb	pass	
bundler/fetcher/compact_index.rb	fail	panic: unknown class `Thread::Queue`
bundler/fetcher/dependency.rb	fail	`require` is only supported as a top-level statement with a single string-literal argument (spike sc…
bundler/fetcher/downloader.rb	fail	expected a constant name or path (e.g. `Foo` or `Foo::Bar`)
bundler/fetcher/gem_remote_fetcher.rb	fail	cannot load such file
bundler/fetcher/index.rb	fail	panic: unknown class `Gem::RemoteFetcher::FetchError` in a `rescue` clause (must be defined earlier in the …
bundler/force_platform.rb	pass	
bundler/friendly_errors.rb	fail	`require_relative` is only supported as a top-level statement with a single string-literal argument …
bundler/gem_helper.rb	fail	`require` is only supported as a top-level statement with a single string-literal argument (spike sc…
bundler/gem_tasks.rb	fail	cannot load such file
bundler/gem_version_promoter.rb	fail	panic: a nested escaping block capturing its enclosing BLOCK's own local `gsv` isn't supported yet (spike s…
bundler/index.rb	fail	panic: unknown class/module `Gem`
bundler/injector.rb	fail	panic: unknown class `Dsl`
bundler/inline.rb	fail	`require_relative` is only supported as a top-level statement with a single string-literal argument …
bundler/installer.rb	fail	`require` is only supported as a top-level statement with a single string-literal argument (spike sc…
bundler/installer/gem_installer.rb	fail	`require` is only supported as a top-level statement with a single string-literal argument (spike sc…
bundler/installer/parallel_installer.rb	fail	`require` is only supported as a top-level statement with a single string-literal argument (spike sc…
bundler/installer/standalone.rb	fail	panic: a nested escaping block capturing its enclosing BLOCK's own local `file` isn't supported yet (spike …
bundler/lazy_specification.rb	fail	unknown module `MatchMetadata` (must be defined earlier in the file)
bundler/lockfile_generator.rb	fail	panic: a nested escaping block capturing its enclosing BLOCK's own local `source` isn't supported yet (spik…
bundler/lockfile_parser.rb	fail	`require` is only supported as a top-level statement with a single string-literal argument (spike sc…
bundler/match_metadata.rb	pass	
bundler/match_platform.rb	fail	panic: unknown class/module `Gem`
bundler/match_remote_metadata.rb	fail	unknown module `MatchMetadata` (must be defined earlier in the file)
bundler/materialization.rb	fail	panic: unknown class `LazySpecification`
bundler/mirror.rb	fail	`require "socket.so"`: native (.so/.bundle) features aren't supported (spike scope)
bundler/plugin.rb	fail	`autoload` isn't supported (spike scope)
bundler/plugin/api.rb	fail	`autoload` isn't supported (spike scope)
bundler/plugin/api/source.rb	pass	
bundler/plugin/dsl.rb	fail	unknown superclass `Bundler::Dsl` (must be defined earlier in the file)
bundler/plugin/events.rb	pass	
bundler/plugin/index.rb	fail	`require_relative` is only supported as a top-level statement with a single string-literal argument …
bundler/plugin/installer.rb	fail	`autoload` isn't supported (spike scope)
bundler/plugin/installer/git.rb	fail	unknown superclass `Bundler::Source::Git` (must be defined earlier in the file)
bundler/plugin/installer/path.rb	fail	unknown superclass `Bundler::Source::Path` (must be defined earlier in the file)
bundler/plugin/installer/rubygems.rb	fail	unknown superclass `Bundler::Source::Rubygems` (must be defined earlier in the file)
bundler/plugin/source_list.rb	fail	unknown superclass `Bundler::SourceList` (must be defined earlier in the file)
bundler/process_lock.rb	fail	`require` is only supported as a top-level statement with a single string-literal argument (spike sc…
bundler/remote_specification.rb	fail	unsupported string interpolation part (spike scope)
bundler/resolver.rb	fail	`require_relative` is only supported as a top-level statement with a single string-literal argument …
bundler/resolver/base.rb	fail	panic: unknown class `Dependency`
bundler/resolver/candidate.rb	fail	panic: unknown class `Gem::Version`
bundler/resolver/incompatibility.rb	fail	unknown superclass `PubGrub::Incompatibility` (must be defined earlier in the file)
bundler/resolver/package.rb	fail	panic: unknown class `Dependency`
bundler/resolver/root.rb	fail	panic: unknown class `Dependency`
bundler/resolver/spec_group.rb	pass	
bundler/resolver/strategy.rb	pass	
bundler/retry.rb	pass	
bundler/ruby_dsl.rb	pass	
bundler/ruby_version.rb	fail	panic: unknown class/module `Gem::Requirement`
bundler/rubygems_ext.rb	fail	`require` is only supported as a top-level statement with a single string-literal argument (spike sc…
bundler/rubygems_gem_installer.rb	fail	`require` is only supported as a top-level statement with a single string-literal argument (spike sc…
bundler/rubygems_integration.rb	fail	`require` is only supported as a top-level statement with a single string-literal argument (spike sc…
bundler/runtime.rb	fail	unsupported string interpolation part (spike scope)
bundler/safe_marshal.rb	fail	panic: unknown class/module `Gem`
bundler/self_manager.rb	fail	unsupported string interpolation part (spike scope)
bundler/settings.rb	fail	`autoload` isn't supported (spike scope)
bundler/settings/validator.rb	fail	panic: `raise Class, message` requires a literal class name (spike scope)
bundler/setup.rb	fail	`require` is only supported as a top-level statement with a single string-literal argument (spike sc…
bundler/shared_helpers.rb	fail	`require` is only supported as a top-level statement with a single string-literal argument (spike sc…
bundler/source.rb	fail	`autoload` isn't supported (spike scope)
bundler/source/gemspec.rb	fail	unknown superclass `Path` (must be defined earlier in the file)
bundler/source/git.rb	fail	`require` is only supported as a top-level statement with a single string-literal argument (spike sc…
bundler/source/git/git_proxy.rb	fail	`require` is only supported as a top-level statement with a single string-literal argument (spike sc…
bundler/source/metadata.rb	fail	panic: unknown class `Gem::Specification`
bundler/source/path.rb	fail	`autoload` isn't supported (spike scope)
bundler/source/path/installer.rb	fail	`require` is only supported as a top-level statement with a single string-literal argument (spike sc…
bundler/source/rubygems.rb	fail	`require` is only supported as a top-level statement with a single string-literal argument (spike sc…
bundler/source/rubygems/remote.rb	fail	panic: unknown class `Gem::URI::InvalidComponentError` in a `rescue` clause (must be defined earlier in the…
bundler/source/rubygems_aggregate.rb	fail	panic: a nested escaping block capturing its enclosing BLOCK's own local `dependency_names` isn't supported…
bundler/source_list.rb	fail	unsupported string interpolation part (spike scope)
bundler/source_map.rb	fail	panic: a nested escaping block capturing its enclosing BLOCK's own local `source` isn't supported yet (spik…
bundler/spec_set.rb	fail	unsupported string interpolation part (spike scope)
bundler/stub_specification.rb	fail	unsupported string interpolation part (spike scope)
bundler/ui.rb	fail	`autoload` isn't supported (spike scope)
bundler/ui/rg_proxy.rb	fail	`autoload` isn't supported (spike scope)
bundler/ui/shell.rb	fail	`require_relative` is only supported as a top-level statement with a single string-literal argument …
bundler/ui/silent.rb	pass	
bundler/uri_credentials_filter.rb	fail	`require_relative` is only supported as a top-level statement with a single string-literal argument …
bundler/uri_normalizer.rb	pass	
bundler/vendor/connection_pool/lib/connection_pool.rb	fail	`require` is only supported as a top-level statement with a single string-literal argument (spike sc…
bundler/vendor/connection_pool/lib/connection_pool/timed_stack.rb	fail	unknown class/module `Bundler::ConnectionPool` in `Bundler::ConnectionPool::TimedStack` (must be def…
bundler/vendor/connection_pool/lib/connection_pool/version.rb	fail	unknown class/module `Bundler` in `Bundler::ConnectionPool` (must be defined earlier in the file)
bundler/vendor/connection_pool/lib/connection_pool/wrapper.rb	fail	unknown class/module `Bundler` in `Bundler::ConnectionPool` (must be defined earlier in the file)
bundler/vendor/fileutils/lib/fileutils.rb	fail	`require` is only supported as a top-level statement with a single string-literal argument (spike sc…
bundler/vendor/net-http-persistent/lib/net/http/persistent.rb	fail	`require` is only supported as a top-level statement with a single string-literal argument (spike sc…
bundler/vendor/net-http-persistent/lib/net/http/persistent/connection.rb	fail	unknown class/module `Gem::Net::HTTP::Persistent` in `Gem::Net::HTTP::Persistent::Connection` (must …
bundler/vendor/net-http-persistent/lib/net/http/persistent/pool.rb	fail	expected `*name` as a multi-assignment's splat target
bundler/vendor/net-http-persistent/lib/net/http/persistent/timed_stack_multi.rb	fail	expected `*name` as a multi-assignment's splat target
bundler/vendor/pub_grub/lib/pub_grub.rb	fail	expected a constant name or path (e.g. `Foo` or `Foo::Bar`)
bundler/vendor/pub_grub/lib/pub_grub/assignment.rb	fail	unknown class/module `Bundler` in `Bundler::PubGrub` (must be defined earlier in the file)
bundler/vendor/pub_grub/lib/pub_grub/basic_package_source.rb	fail	unknown class/module `Bundler` in `Bundler::PubGrub` (must be defined earlier in the file)
bundler/vendor/pub_grub/lib/pub_grub/failure_writer.rb	fail	unknown class/module `Bundler` in `Bundler::PubGrub` (must be defined earlier in the file)
bundler/vendor/pub_grub/lib/pub_grub/incompatibility.rb	fail	unknown class/module `Bundler` in `Bundler::PubGrub` (must be defined earlier in the file)
bundler/vendor/pub_grub/lib/pub_grub/package.rb	fail	unknown class/module `Bundler` in `Bundler::PubGrub` (must be defined earlier in the file)
bundler/vendor/pub_grub/lib/pub_grub/partial_solution.rb	fail	unknown class/module `Bundler` in `Bundler::PubGrub` (must be defined earlier in the file)
bundler/vendor/pub_grub/lib/pub_grub/rubygems.rb	fail	expected a constant name or path (e.g. `Foo` or `Foo::Bar`)
bundler/vendor/pub_grub/lib/pub_grub/solve_failure.rb	fail	unknown class/module `Bundler` in `Bundler::PubGrub` (must be defined earlier in the file)
bundler/vendor/pub_grub/lib/pub_grub/static_package_source.rb	fail	expected a constant name or path (e.g. `Foo` or `Foo::Bar`)
bundler/vendor/pub_grub/lib/pub_grub/strategy.rb	fail	unknown class/module `Bundler` in `Bundler::PubGrub` (must be defined earlier in the file)
bundler/vendor/pub_grub/lib/pub_grub/term.rb	fail	unknown class/module `Bundler` in `Bundler::PubGrub` (must be defined earlier in the file)
bundler/vendor/pub_grub/lib/pub_grub/version.rb	fail	unknown class/module `Bundler` in `Bundler::PubGrub` (must be defined earlier in the file)
bundler/vendor/pub_grub/lib/pub_grub/version_constraint.rb	fail	unknown class/module `Bundler` in `Bundler::PubGrub` (must be defined earlier in the file)
bundler/vendor/pub_grub/lib/pub_grub/version_range.rb	fail	unknown class/module `Bundler` in `Bundler::PubGrub` (must be defined earlier in the file)
bundler/vendor/pub_grub/lib/pub_grub/version_solver.rb	fail	unknown class/module `Bundler` in `Bundler::PubGrub` (must be defined earlier in the file)
bundler/vendor/pub_grub/lib/pub_grub/version_union.rb	fail	unknown class/module `Bundler` in `Bundler::PubGrub` (must be defined earlier in the file)
bundler/vendor/securerandom/lib/securerandom.rb	fail	unsupported syntax at "alias gen_random gen_random_urandom" (spike handles only what the 7 example p…
bundler/vendor/thor/lib/thor.rb	fail	expected a constant name or path (e.g. `Foo` or `Foo::Bar`)
bundler/vendor/thor/lib/thor/actions.rb	fail	`require` is only supported as a top-level statement with a single string-literal argument (spike sc…
bundler/vendor/thor/lib/thor/actions/create_file.rb	fail	`require` is only supported as a top-level statement with a single string-literal argument (spike sc…
bundler/vendor/thor/lib/thor/actions/create_link.rb	fail	`require` is only supported as a top-level statement with a single string-literal argument (spike sc…
bundler/vendor/thor/lib/thor/actions/directory.rb	fail	`require` is only supported as a top-level statement with a single string-literal argument (spike sc…
bundler/vendor/thor/lib/thor/actions/empty_directory.rb	fail	`require` is only supported as a top-level statement with a single string-literal argument (spike sc…
bundler/vendor/thor/lib/thor/actions/file_manipulation.rb	fail	unsupported statement in `class << self` (spike scope)
bundler/vendor/thor/lib/thor/actions/inject_into_file.rb	fail	`require` is only supported as a top-level statement with a single string-literal argument (spike sc…
bundler/vendor/thor/lib/thor/base.rb	fail	expected a constant name or path (e.g. `Foo` or `Foo::Bar`)
bundler/vendor/thor/lib/thor/command.rb	fail	expected a constant name or path (e.g. `Foo` or `Foo::Bar`)
bundler/vendor/thor/lib/thor/core_ext/hash_with_indifferent_access.rb	fail	unsupported syntax at "*args" (spike handles only what the 7 example programs need)
bundler/vendor/thor/lib/thor/error.rb	fail	unknown class/module `Bundler` in `Bundler::Thor` (must be defined earlier in the file)
bundler/vendor/thor/lib/thor/group.rb	fail	expected a constant name or path (e.g. `Foo` or `Foo::Bar`)
bundler/vendor/thor/lib/thor/invocation.rb	fail	unknown class/module `Bundler` in `Bundler::Thor` (must be defined earlier in the file)
bundler/vendor/thor/lib/thor/line_editor.rb	fail	`require` is only supported as a top-level statement with a single string-literal argument (spike sc…
bundler/vendor/thor/lib/thor/line_editor/basic.rb	fail	`require` is only supported as a top-level statement with a single string-literal argument (spike sc…
bundler/vendor/thor/lib/thor/line_editor/readline.rb	fail	`require` is only supported as a top-level statement with a single string-literal argument (spike sc…
bundler/vendor/thor/lib/thor/nested_context.rb	fail	unknown class/module `Bundler` in `Bundler::Thor` (must be defined earlier in the file)
bundler/vendor/thor/lib/thor/parser.rb	fail	expected a constant name or path (e.g. `Foo` or `Foo::Bar`)
bundler/vendor/thor/lib/thor/parser/argument.rb	fail	expected a constant name or path (e.g. `Foo` or `Foo::Bar`)
bundler/vendor/thor/lib/thor/parser/arguments.rb	fail	unknown class/module `Bundler` in `Bundler::Thor` (must be defined earlier in the file)
bundler/vendor/thor/lib/thor/parser/option.rb	fail	unknown class/module `Bundler` in `Bundler::Thor` (must be defined earlier in the file)
bundler/vendor/thor/lib/thor/parser/options.rb	fail	unknown class/module `Bundler` in `Bundler::Thor` (must be defined earlier in the file)
bundler/vendor/thor/lib/thor/rake_compat.rb	fail	cannot load such file
bundler/vendor/thor/lib/thor/runner.rb	fail	expected a constant name or path (e.g. `Foo` or `Foo::Bar`)
bundler/vendor/thor/lib/thor/shell.rb	fail	cannot load such file
bundler/vendor/thor/lib/thor/shell/basic.rb	fail	unsupported syntax at "`stty size 2>/dev/null`" (spike handles only what the 7 example programs need…
bundler/vendor/thor/lib/thor/shell/color.rb	fail	unsupported syntax at "`stty size 2>/dev/null`" (spike handles only what the 7 example programs need…
bundler/vendor/thor/lib/thor/shell/column_printer.rb	fail	unsupported syntax at "`stty size 2>/dev/null`" (spike handles only what the 7 example programs need…
bundler/vendor/thor/lib/thor/shell/html.rb	fail	unsupported syntax at "`stty size 2>/dev/null`" (spike handles only what the 7 example programs need…
bundler/vendor/thor/lib/thor/shell/table_printer.rb	fail	unsupported syntax at "`stty size 2>/dev/null`" (spike handles only what the 7 example programs need…
bundler/vendor/thor/lib/thor/shell/terminal.rb	fail	unsupported syntax at "`stty size 2>/dev/null`" (spike handles only what the 7 example programs need…
bundler/vendor/thor/lib/thor/shell/wrapped_printer.rb	fail	unsupported syntax at "`stty size 2>/dev/null`" (spike handles only what the 7 example programs need…
bundler/vendor/thor/lib/thor/util.rb	fail	cannot load such file
bundler/vendor/thor/lib/thor/version.rb	fail	unknown class/module `Bundler` in `Bundler::Thor` (must be defined earlier in the file)
bundler/vendor/tsort/lib/tsort.rb	fail	unknown class/module `Bundler` in `Bundler::TSort` (must be defined earlier in the file)
bundler/vendor/uri/lib/uri.rb	fail	`autoload` isn't supported (spike scope)
bundler/vendor/uri/lib/uri/common.rb	fail	unknown class/module `Bundler` in `Bundler::URI` (must be defined earlier in the file)
bundler/vendor/uri/lib/uri/file.rb	fail	`autoload` isn't supported (spike scope)
bundler/vendor/uri/lib/uri/ftp.rb	fail	`autoload` isn't supported (spike scope)
bundler/vendor/uri/lib/uri/generic.rb	fail	`autoload` isn't supported (spike scope)
bundler/vendor/uri/lib/uri/http.rb	fail	`autoload` isn't supported (spike scope)
bundler/vendor/uri/lib/uri/https.rb	fail	`autoload` isn't supported (spike scope)
bundler/vendor/uri/lib/uri/ldap.rb	fail	`autoload` isn't supported (spike scope)
bundler/vendor/uri/lib/uri/ldaps.rb	fail	`autoload` isn't supported (spike scope)
bundler/vendor/uri/lib/uri/mailto.rb	fail	`autoload` isn't supported (spike scope)
bundler/vendor/uri/lib/uri/rfc2396_parser.rb	fail	unknown class/module `Bundler` in `Bundler::URI` (must be defined earlier in the file)
bundler/vendor/uri/lib/uri/rfc3986_parser.rb	fail	unknown class/module `Bundler` in `Bundler::URI` (must be defined earlier in the file)
bundler/vendor/uri/lib/uri/version.rb	fail	unknown class/module `Bundler` in `Bundler::URI` (must be defined earlier in the file)
bundler/vendor/uri/lib/uri/ws.rb	fail	`autoload` isn't supported (spike scope)
bundler/vendor/uri/lib/uri/wss.rb	fail	`autoload` isn't supported (spike scope)
bundler/vendored_fileutils.rb	fail	`require` is only supported as a top-level statement with a single string-literal argument (spike sc…
bundler/vendored_net_http.rb	fail	`require` is only supported as a top-level statement with a single string-literal argument (spike sc…
bundler/vendored_persistent.rb	fail	`require` is only supported as a top-level statement with a single string-literal argument (spike sc…
bundler/vendored_pub_grub.rb	fail	expected a constant name or path (e.g. `Foo` or `Foo::Bar`)
bundler/vendored_securerandom.rb	fail	`require` is only supported as a top-level statement with a single string-literal argument (spike sc…
bundler/vendored_thor.rb	fail	`require_relative` is only supported as a top-level statement with a single string-literal argument …
bundler/vendored_timeout.rb	fail	`require` is only supported as a top-level statement with a single string-literal argument (spike sc…
bundler/vendored_tsort.rb	pass	
bundler/vendored_uri.rb	fail	`require` is only supported as a top-level statement with a single string-literal argument (spike sc…
bundler/version.rb	fail	panic: unknown class/module `Gem`
bundler/vlad.rb	fail	`require` is only supported as a top-level statement with a single string-literal argument (spike sc…
bundler/worker.rb	fail	panic: unknown class `Thread::Queue`
bundler/yaml_serializer.rb	pass	
cgi.rb	fail	`require` is only supported as a top-level statement with a single string-literal argument (spike sc…
cgi/escape.rb	fail	`require` is only supported as a top-level statement with a single string-literal argument (spike sc…
cgi/util.rb	fail	`require` is only supported as a top-level statement with a single string-literal argument (spike sc…
coverage.rb	fail	`require "coverage.so"`: native (.so/.bundle) features aren't supported (spike scope)
date.rb	fail	cannot load such file
delegate.rb	fail	unsupported syntax at "alias __raise__ raise" (spike handles only what the 7 example programs need)
did_you_mean.rb	fail	`class << obj` (a per-instance singleton class, `obj` other than a bare `self`) isn't supported yet …
did_you_mean/core_ext/name_error.rb	pass	
did_you_mean/experimental.rb	pass	
did_you_mean/formatter.rb	pass	
did_you_mean/formatters/plain_formatter.rb	pass	
did_you_mean/formatters/verbose_formatter.rb	pass	
did_you_mean/jaro_winkler.rb	pass	
did_you_mean/levenshtein.rb	pass	
did_you_mean/spell_checker.rb	pass	
did_you_mean/spell_checkers/key_error_checker.rb	pass	
did_you_mean/spell_checkers/method_name_checker.rb	pass	
did_you_mean/spell_checkers/name_error_checkers.rb	fail	`class << obj` (a per-instance singleton class, `obj` other than a bare `self`) isn't supported yet …
did_you_mean/spell_checkers/name_error_checkers/class_name_checker.rb	fail	subclassing the built-in type `String` isn't supported yet (spike scope, no generated Rust struct ex…
did_you_mean/spell_checkers/name_error_checkers/variable_name_checker.rb	pass	
did_you_mean/spell_checkers/null_checker.rb	pass	
did_you_mean/spell_checkers/pattern_key_name_checker.rb	pass	
did_you_mean/spell_checkers/require_path_checker.rb	fail	cannot load such file
did_you_mean/tree_spell_checker.rb	fail	panic: a nested escaping block capturing its enclosing BLOCK's own local `index` isn't supported yet (spike…
did_you_mean/verbose.rb	pass	
did_you_mean/version.rb	pass	
digest.rb	fail	`require "digest.so"`: native (.so/.bundle) features aren't supported (spike scope)
digest/loader.rb	fail	`require "digest.so"`: native (.so/.bundle) features aren't supported (spike scope)
digest/sha2.rb	fail	`require "digest.so"`: native (.so/.bundle) features aren't supported (spike scope)
digest/sha2/loader.rb	fail	`require "digest/sha2.so"`: native (.so/.bundle) features aren't supported (spike scope)
digest/version.rb	pass	
erb.rb	fail	unsupported statement in `class << self` (spike scope)
erb/compiler.rb	fail	unsupported statement in `class << self` (spike scope)
erb/def_method.rb	fail	unknown class/module `ERB` in `ERB::DefMethod` (must be defined earlier in the file)
erb/util.rb	fail	`require` is only supported as a top-level statement with a single string-literal argument (spike sc…
erb/version.rb	pass	
error_highlight.rb	fail	`require` is only supported as a top-level statement with a single string-literal argument (spike sc…
error_highlight/base.rb	fail	`require` is only supported as a top-level statement with a single string-literal argument (spike sc…
error_highlight/core_ext.rb	fail	`require` is only supported as a top-level statement with a single string-literal argument (spike sc…
error_highlight/formatter.rb	fail	`require` is only supported as a top-level statement with a single string-literal argument (spike sc…
error_highlight/version.rb	pass	
expect.rb	fail	instance variable `@unusedBuf` in a method of the reopened built-in class `IO` isn't supported (spik…
fileutils.rb	fail	`require` is only supported as a top-level statement with a single string-literal argument (spike sc…
find.rb	fail	panic: a nested escaping block capturing its enclosing BLOCK's own local `file` isn't supported yet (spike …
forwardable.rb	fail	expected `*name` as a multi-assignment's splat target
forwardable/impl.rb	fail	panic: unknown class/module `RubyVM`
io/console/size.rb	fail	`def` with an explicit non-`self` receiver isn't supported yet (spike scope)
ipaddr.rb	fail	`require "socket.so"`: native (.so/.bundle) features aren't supported (spike scope)
json.rb	fail	`autoload` isn't supported (spike scope)
json/add/bigdecimal.rb	fail	`require` is only supported as a top-level statement with a single string-literal argument (spike sc…
json/add/complex.rb	fail	`require` is only supported as a top-level statement with a single string-literal argument (spike sc…
json/add/core.rb	fail	`require` is only supported as a top-level statement with a single string-literal argument (spike sc…
json/add/date.rb	fail	`require` is only supported as a top-level statement with a single string-literal argument (spike sc…
json/add/date_time.rb	fail	`require` is only supported as a top-level statement with a single string-literal argument (spike sc…
json/add/exception.rb	fail	`require` is only supported as a top-level statement with a single string-literal argument (spike sc…
json/add/ostruct.rb	fail	`require` is only supported as a top-level statement with a single string-literal argument (spike sc…
json/add/range.rb	fail	`require` is only supported as a top-level statement with a single string-literal argument (spike sc…
json/add/rational.rb	fail	`require` is only supported as a top-level statement with a single string-literal argument (spike sc…
json/add/regexp.rb	fail	`require` is only supported as a top-level statement with a single string-literal argument (spike sc…
json/add/set.rb	fail	`require` is only supported as a top-level statement with a single string-literal argument (spike sc…
json/add/string.rb	fail	`require` is only supported as a top-level statement with a single string-literal argument (spike sc…
json/add/struct.rb	fail	`require` is only supported as a top-level statement with a single string-literal argument (spike sc…
json/add/symbol.rb	fail	`require` is only supported as a top-level statement with a single string-literal argument (spike sc…
json/add/time.rb	fail	`require` is only supported as a top-level statement with a single string-literal argument (spike sc…
json/common.rb	fail	`autoload` isn't supported (spike scope)
json/ext.rb	fail	`autoload` isn't supported (spike scope)
json/ext/generator/state.rb	pass	
json/generic_object.rb	fail	`require` is only supported as a top-level statement with a single string-literal argument (spike sc…
json/version.rb	pass	
mkmf.rb	fail	cannot load such file
monitor.rb	fail	`require "monitor.so"`: native (.so/.bundle) features aren't supported (spike scope)
net/http.rb	fail	`require "socket.so"`: native (.so/.bundle) features aren't supported (spike scope)
net/http/exceptions.rb	fail	unknown superclass `ProtocolError` (must be defined earlier in the file)
net/http/generic_request.rb	fail	`require` is only supported as a top-level statement with a single string-literal argument (spike sc…
net/http/header.rb	fail	unknown class/module `Net` in `Net::HTTPHeader` (must be defined earlier in the file)
net/http/proxy_delta.rb	fail	unknown class/module `Net::HTTP` in `Net::HTTP::ProxyDelta` (must be defined earlier in the file)
net/http/request.rb	fail	expected a constant name or path (e.g. `Foo` or `Foo::Bar`)
net/http/requests.rb	fail	unknown class/module `Net::HTTP` in `Net::HTTP::Get` (must be defined earlier in the file)
net/http/response.rb	fail	expected a constant name or path (e.g. `Foo` or `Foo::Bar`)
net/http/responses.rb	fail	unknown superclass `HTTPResponse` (must be defined earlier in the file)
net/http/status.rb	fail	`require "socket.so"`: native (.so/.bundle) features aren't supported (spike scope)
net/https.rb	fail	`require "socket.so"`: native (.so/.bundle) features aren't supported (spike scope)
net/protocol.rb	fail	`require "socket.so"`: native (.so/.bundle) features aren't supported (spike scope)
objspace.rb	fail	`require "objspace.so"`: native (.so/.bundle) features aren't supported (spike scope)
objspace/trace.rb	fail	`require "objspace.so"`: native (.so/.bundle) features aren't supported (spike scope)
open-uri.rb	fail	`autoload` isn't supported (spike scope)
open3.rb	fail	expected `*name` as a multi-assignment's splat target
open3/version.rb	pass	
openssl.rb	fail	`require "openssl.so"`: native (.so/.bundle) features aren't supported (spike scope)
openssl/bn.rb	pass	
openssl/buffering.rb	fail	unknown class/module `OpenSSL` in `OpenSSL::Buffering` (must be defined earlier in the file)
openssl/cipher.rb	pass	
openssl/digest.rb	fail	unsupported syntax at "class << klass; self; end" (spike handles only what the 7 example programs ne…
openssl/hmac.rb	pass	
openssl/marshal.rb	pass	
openssl/pkcs5.rb	pass	
openssl/pkey.rb	fail	panic: `raise Class, message` requires a literal class name (spike scope)
openssl/ssl.rb	fail	`require` is only supported as a top-level statement with a single string-literal argument (spike sc…
openssl/version.rb	pass	
openssl/x509.rb	fail	unsupported string interpolation part (spike scope)
optionparser.rb	fail	`require` is only supported as a top-level statement with a single string-literal argument (spike sc…
optparse.rb	fail	`require` is only supported as a top-level statement with a single string-literal argument (spike sc…
optparse/ac.rb	fail	`require` is only supported as a top-level statement with a single string-literal argument (spike sc…
optparse/date.rb	fail	`require` is only supported as a top-level statement with a single string-literal argument (spike sc…
optparse/kwargs.rb	fail	`require` is only supported as a top-level statement with a single string-literal argument (spike sc…
optparse/shellwords.rb	fail	unsupported statement in `class << self` (spike scope)
optparse/time.rb	fail	`require` is only supported as a top-level statement with a single string-literal argument (spike sc…
optparse/uri.rb	fail	`require` is only supported as a top-level statement with a single string-literal argument (spike sc…
optparse/version.rb	fail	unsupported syntax at "class << OptionParser\n  #\n  # Shows version string in packages if Version i…
pathname.rb	fail	`require` is only supported as a top-level statement with a single string-literal argument (spike sc…
pp.rb	fail	`def` with an explicit non-`self` receiver isn't supported yet (spike scope)
prettyprint.rb	fail	`def` with an explicit non-`self` receiver isn't supported yet (spike scope)
prism.rb	fail	`autoload` isn't supported (spike scope)
prism/compiler.rb	fail	unknown superclass `Visitor` (must be defined earlier in the file)
prism/desugar_compiler.rb	fail	unknown module `DSL` (must be defined earlier in the file)
prism/dispatcher.rb	fail	unknown superclass `Visitor` (must be defined earlier in the file)
prism/dot_visitor.rb	fail	`require` is only supported as a top-level statement with a single string-literal argument (spike sc…
prism/dsl.rb	fail	expected a constant name or path (e.g. `Foo` or `Foo::Bar`)
prism/ffi.rb	fail	cannot load such file
prism/inspect_visitor.rb	fail	unknown superclass `Visitor` (must be defined earlier in the file)
prism/lex_compat.rb	fail	unsupported syntax at "alias __raise__ raise" (spike handles only what the 7 example programs need)
prism/lex_ripper.rb	fail	`require "ripper.so"`: native (.so/.bundle) features aren't supported (spike scope)
prism/mutation_compiler.rb	fail	unknown superclass `Compiler` (must be defined earlier in the file)
prism/node.rb	fail	panic: unknown class/module `Location`
prism/node_ext.rb	fail	panic: unknown class/module `RegularExpressionFlags`
prism/pack.rb	pass	
prism/parse_result.rb	fail	`autoload` isn't supported (spike scope)
prism/parse_result/comments.rb	fail	unknown superclass `Result` (must be defined earlier in the file)
prism/parse_result/errors.rb	fail	cannot load such file
prism/parse_result/newlines.rb	fail	unknown superclass `Result` (must be defined earlier in the file)
prism/pattern.rb	fail	panic: unknown class/module `CaseMatchNode`
prism/polyfill/append_as_bytes.rb	pass	
prism/polyfill/byteindex.rb	pass	
prism/polyfill/scan_byte.rb	fail	cannot load such file
prism/polyfill/unpack1.rb	pass	
prism/polyfill/warn.rb	fail	unsupported syntax at "*msgs" (spike handles only what the 7 example programs need)
prism/reflection.rb	pass	
prism/relocation.rb	fail	unsupported string interpolation part (spike scope)
prism/serialize.rb	fail	cannot load such file
prism/string_query.rb	pass	
prism/translation.rb	fail	`autoload` isn't supported (spike scope)
prism/translation/parser.rb	fail	`require` is only supported as a top-level statement with a single string-literal argument (spike sc…
prism/translation/parser/builder.rb	fail	expected `*name` as a multi-assignment's splat target
prism/translation/parser/compiler.rb	fail	unknown superclass `::Prism::Compiler` (must be defined earlier in the file)
prism/translation/parser/lexer.rb	fail	cannot load such file
prism/translation/parser_current.rb	fail	unsupported string interpolation part (spike scope)
prism/translation/parser_versions.rb	fail	unknown superclass `Parser` (must be defined earlier in the file)
prism/translation/ripper.rb	fail	`autoload` isn't supported (spike scope)
prism/translation/ripper/lexer.rb	fail	`autoload` isn't supported (spike scope)
prism/translation/ripper/sexp.rb	fail	`autoload` isn't supported (spike scope)
prism/translation/ripper/shim.rb	fail	panic: unknown class/module `Prism::Translation`
prism/translation/ruby_parser.rb	fail	`require` is only supported as a top-level statement with a single string-literal argument (spike sc…
prism/visitor.rb	pass	
psych.rb	fail	cannot load such file
psych/class_loader.rb	fail	subclassing the built-in type `::Hash` isn't supported yet (spike scope, no generated Rust struct ex…
psych/coder.rb	fail	panic: unknown class/module `Psych::Nodes::Mapping`
psych/core_ext.rb	fail	panic: unexpected top-level-only node in expression position
psych/exception.rb	pass	
psych/handler.rb	pass	
psych/handlers/document_stream.rb	fail	panic: unknown class `Nodes::Document`
psych/handlers/recorder.rb	fail	panic: `super`: no `initialize` found above Recorder
psych/json/ruby_events.rb	pass	
psych/json/stream.rb	fail	unknown superclass `Psych::Visitors::JSONTree` (must be defined earlier in the file)
psych/json/tree_builder.rb	fail	unknown superclass `Psych::TreeBuilder` (must be defined earlier in the file)
psych/json/yaml_events.rb	pass	
psych/nodes.rb	fail	`require` is only supported as a top-level statement with a single string-literal argument (spike sc…
psych/nodes/alias.rb	fail	unknown superclass `Psych::Nodes::Node` (must be defined earlier in the file)
psych/nodes/document.rb	fail	unknown superclass `Psych::Nodes::Node` (must be defined earlier in the file)
psych/nodes/mapping.rb	fail	unknown superclass `Psych::Nodes::Node` (must be defined earlier in the file)
psych/nodes/node.rb	fail	`require` is only supported as a top-level statement with a single string-literal argument (spike sc…
psych/nodes/scalar.rb	fail	unknown superclass `Psych::Nodes::Node` (must be defined earlier in the file)
psych/nodes/sequence.rb	fail	unknown superclass `Psych::Nodes::Node` (must be defined earlier in the file)
psych/nodes/stream.rb	fail	unknown superclass `Psych::Nodes::Node` (must be defined earlier in the file)
psych/omap.rb	fail	subclassing the built-in type `::Hash` isn't supported yet (spike scope, no generated Rust struct ex…
psych/parser.rb	fail	expected a constant name or path (e.g. `Foo` or `Foo::Bar`)
psych/scalar_scanner.rb	fail	panic: unknown class/module `Date`
psych/set.rb	fail	subclassing the built-in type `::Hash` isn't supported yet (spike scope, no generated Rust struct ex…
psych/stream.rb	fail	unknown superclass `Psych::Visitors::YAMLTree` (must be defined earlier in the file)
psych/streaming.rb	pass	
psych/syntax_error.rb	pass	
psych/tree_builder.rb	fail	panic: unknown class `Nodes::Document`
psych/versions.rb	pass	
psych/visitors.rb	fail	`require` is only supported as a top-level statement with a single string-literal argument (spike sc…
psych/visitors/depth_first.rb	fail	unknown superclass `Psych::Visitors::Visitor` (must be defined earlier in the file)
psych/visitors/emitter.rb	fail	unknown superclass `Psych::Visitors::Visitor` (must be defined earlier in the file)
psych/visitors/json_tree.rb	fail	unknown superclass `YAMLTree` (must be defined earlier in the file)
psych/visitors/to_ruby.rb	fail	`require` is only supported as a top-level statement with a single string-literal argument (spike sc…
psych/visitors/visitor.rb	pass	
psych/visitors/yaml_tree.rb	fail	subclassing the built-in type `::Hash` isn't supported yet (spike scope, no generated Rust struct ex…
psych/y.rb	fail	reopening the built-in module `Kernel` isn't supported yet (spike scope)
random/formatter.rb	fail	unknown class/module `Random` in `Random::Formatter` (must be defined earlier in the file)
resolv.rb	fail	`require "socket.so"`: native (.so/.bundle) features aren't supported (spike scope)
ripper.rb	fail	`require "ripper.so"`: native (.so/.bundle) features aren't supported (spike scope)
ripper/core.rb	fail	`require "ripper.so"`: native (.so/.bundle) features aren't supported (spike scope)
ripper/filter.rb	fail	`require "ripper.so"`: native (.so/.bundle) features aren't supported (spike scope)
ripper/lexer.rb	fail	`require "ripper.so"`: native (.so/.bundle) features aren't supported (spike scope)
ripper/sexp.rb	fail	`require "ripper.so"`: native (.so/.bundle) features aren't supported (spike scope)
rubygems.rb	fail	cannot load such file
rubygems/available_set.rb	fail	unknown class/module `Gem` in `Gem::AvailableSet` (must be defined earlier in the file)
rubygems/basic_specification.rb	fail	unsupported string interpolation part (spike scope)
rubygems/bundler_version_finder.rb	fail	unknown class/module `Gem` in `Gem::BundlerVersionFinder` (must be defined earlier in the file)
rubygems/ci_detector.rb	pass	
rubygems/command.rb	fail	`require` is only supported as a top-level statement with a single string-literal argument (spike sc…
rubygems/command_manager.rb	fail	`require` is only supported as a top-level statement with a single string-literal argument (spike sc…
rubygems/commands/build_command.rb	fail	`require` is only supported as a top-level statement with a single string-literal argument (spike sc…
rubygems/commands/cert_command.rb	fail	`require` is only supported as a top-level statement with a single string-literal argument (spike sc…
rubygems/commands/check_command.rb	fail	`require` is only supported as a top-level statement with a single string-literal argument (spike sc…
rubygems/commands/cleanup_command.rb	fail	`require` is only supported as a top-level statement with a single string-literal argument (spike sc…
rubygems/commands/contents_command.rb	fail	`require` is only supported as a top-level statement with a single string-literal argument (spike sc…
rubygems/commands/dependency_command.rb	fail	`require` is only supported as a top-level statement with a single string-literal argument (spike sc…
rubygems/commands/environment_command.rb	fail	`require` is only supported as a top-level statement with a single string-literal argument (spike sc…
rubygems/commands/exec_command.rb	fail	`require` is only supported as a top-level statement with a single string-literal argument (spike sc…
rubygems/commands/fetch_command.rb	fail	`require` is only supported as a top-level statement with a single string-literal argument (spike sc…
rubygems/commands/generate_index_command.rb	fail	`require` is only supported as a top-level statement with a single string-literal argument (spike sc…
rubygems/commands/help_command.rb	fail	`require` is only supported as a top-level statement with a single string-literal argument (spike sc…
rubygems/commands/info_command.rb	fail	`require` is only supported as a top-level statement with a single string-literal argument (spike sc…
rubygems/commands/install_command.rb	fail	`require` is only supported as a top-level statement with a single string-literal argument (spike sc…
rubygems/commands/list_command.rb	fail	`require` is only supported as a top-level statement with a single string-literal argument (spike sc…
rubygems/commands/lock_command.rb	fail	`require` is only supported as a top-level statement with a single string-literal argument (spike sc…
rubygems/commands/mirror_command.rb	fail	`require` is only supported as a top-level statement with a single string-literal argument (spike sc…
rubygems/commands/open_command.rb	fail	`require` is only supported as a top-level statement with a single string-literal argument (spike sc…
rubygems/commands/outdated_command.rb	fail	`require` is only supported as a top-level statement with a single string-literal argument (spike sc…
rubygems/commands/owner_command.rb	fail	`require` is only supported as a top-level statement with a single string-literal argument (spike sc…
rubygems/commands/pristine_command.rb	fail	`require` is only supported as a top-level statement with a single string-literal argument (spike sc…
rubygems/commands/push_command.rb	fail	`require` is only supported as a top-level statement with a single string-literal argument (spike sc…
rubygems/commands/rdoc_command.rb	fail	`require` is only supported as a top-level statement with a single string-literal argument (spike sc…
rubygems/commands/rebuild_command.rb	fail	`require "digest.so"`: native (.so/.bundle) features aren't supported (spike scope)
rubygems/commands/search_command.rb	fail	`require` is only supported as a top-level statement with a single string-literal argument (spike sc…
rubygems/commands/server_command.rb	fail	`require` is only supported as a top-level statement with a single string-literal argument (spike sc…
rubygems/commands/setup_command.rb	fail	`require` is only supported as a top-level statement with a single string-literal argument (spike sc…
rubygems/commands/signin_command.rb	fail	`require` is only supported as a top-level statement with a single string-literal argument (spike sc…
rubygems/commands/signout_command.rb	fail	`require` is only supported as a top-level statement with a single string-literal argument (spike sc…
rubygems/commands/sources_command.rb	fail	`require` is only supported as a top-level statement with a single string-literal argument (spike sc…
rubygems/commands/specification_command.rb	fail	`require` is only supported as a top-level statement with a single string-literal argument (spike sc…
rubygems/commands/stale_command.rb	fail	`require` is only supported as a top-level statement with a single string-literal argument (spike sc…
rubygems/commands/uninstall_command.rb	fail	`require` is only supported as a top-level statement with a single string-literal argument (spike sc…
rubygems/commands/unpack_command.rb	fail	`require` is only supported as a top-level statement with a single string-literal argument (spike sc…
rubygems/commands/update_command.rb	fail	`require` is only supported as a top-level statement with a single string-literal argument (spike sc…
rubygems/commands/which_command.rb	fail	`require` is only supported as a top-level statement with a single string-literal argument (spike sc…
rubygems/commands/yank_command.rb	fail	`require` is only supported as a top-level statement with a single string-literal argument (spike sc…
rubygems/config_file.rb	fail	`require` is only supported as a top-level statement with a single string-literal argument (spike sc…
rubygems/core_ext/kernel_gem.rb	fail	unsupported string interpolation part (spike scope)
rubygems/core_ext/kernel_require.rb	fail	`require "monitor.so"`: native (.so/.bundle) features aren't supported (spike scope)
rubygems/core_ext/kernel_warn.rb	fail	unsupported statement in `class << self` (spike scope)
rubygems/core_ext/tcpsocket_init.rb	fail	`require "socket.so"`: native (.so/.bundle) features aren't supported (spike scope)
rubygems/defaults.rb	fail	panic: unknown class/module `RbConfig`
rubygems/dependency.rb	fail	unsupported string interpolation part (spike scope)
rubygems/dependency_installer.rb	fail	cannot load such file
rubygems/dependency_list.rb	fail	unknown class/module `Gem` in `Gem::TSort` (must be defined earlier in the file)
rubygems/deprecate.rb	fail	panic: unknown class `Gem::Version`
rubygems/doctor.rb	fail	cannot load such file
rubygems/errors.rb	pass	
rubygems/exceptions.rb	fail	unknown class/module `Gem` in `Gem::UnknownCommandSpellChecker` (must be defined earlier in the file…
rubygems/ext.rb	fail	`require` is only supported as a top-level statement with a single string-literal argument (spike sc…
rubygems/ext/build_error.rb	fail	unknown class/module `Gem` in `Gem::UnknownCommandSpellChecker` (must be defined earlier in the file…
rubygems/ext/builder.rb	fail	`require` is only supported as a top-level statement with a single string-literal argument (spike sc…
rubygems/ext/cargo_builder.rb	fail	`require_relative` is only supported as a top-level statement with a single string-literal argument …
rubygems/ext/cargo_builder/link_flag_converter.rb	fail	unknown class/module `Gem::Ext` in `Gem::Ext::CargoBuilder` (must be defined earlier in the file)
rubygems/ext/cmake_builder.rb	fail	unknown class/module `Gem::Ext` in `Gem::Ext::CmakeBuilder` (must be defined earlier in the file)
rubygems/ext/configure_builder.rb	fail	unknown class/module `Gem::Ext` in `Gem::Ext::ConfigureBuilder` (must be defined earlier in the file…
rubygems/ext/ext_conf_builder.rb	fail	`require` is only supported as a top-level statement with a single string-literal argument (spike sc…
rubygems/ext/rake_builder.rb	fail	unknown class/module `Gem::Ext` in `Gem::Ext::RakeBuilder` (must be defined earlier in the file)
rubygems/gem_runner.rb	fail	cannot load such file
rubygems/gemcutter_utilities.rb	fail	cannot load such file
rubygems/gemcutter_utilities/webauthn_listener.rb	fail	unknown class/module `Gem` in `Gem::GemcutterUtilities` (must be defined earlier in the file)
rubygems/gemcutter_utilities/webauthn_listener/response.rb	fail	unknown class/module `Gem` in `Gem::GemcutterUtilities` (must be defined earlier in the file)
rubygems/gemcutter_utilities/webauthn_poller.rb	fail	`require` is only supported as a top-level statement with a single string-literal argument (spike sc…
rubygems/gemspec_helpers.rb	fail	cannot load such file
rubygems/install_message.rb	fail	cannot load such file
rubygems/install_update_options.rb	fail	cannot load such file
rubygems/installer.rb	fail	`require` is only supported as a top-level statement with a single string-literal argument (spike sc…
rubygems/installer_uninstaller_utils.rb	fail	`require` is only supported as a top-level statement with a single string-literal argument (spike sc…
rubygems/local_remote_options.rb	fail	`autoload` isn't supported (spike scope)
rubygems/name_tuple.rb	fail	unknown class/module `Gem` in `Gem::NameTuple` (must be defined earlier in the file)
rubygems/openssl.rb	fail	`autoload` isn't supported (spike scope)
rubygems/package.rb	fail	cannot load such file
rubygems/package/digest_io.rb	fail	unknown class/module `Gem::Package` in `Gem::Package::DigestIO` (must be defined earlier in the file…
rubygems/package/file_source.rb	fail	unknown class/module `Gem::Package` in `Gem::Package::FileSource` (must be defined earlier in the fi…
rubygems/package/io_source.rb	fail	unknown class/module `Gem::Package` in `Gem::Package::IOSource` (must be defined earlier in the file…
rubygems/package/old.rb	fail	`require` is only supported as a top-level statement with a single string-literal argument (spike sc…
rubygems/package/source.rb	fail	unknown class/module `Gem::Package` in `Gem::Package::Source` (must be defined earlier in the file)
rubygems/package/tar_header.rb	fail	unknown class/module `Gem::Package` in `Gem::Package::TarHeader` (must be defined earlier in the fil…
rubygems/package/tar_reader.rb	fail	unknown class/module `Gem::Package` in `Gem::Package::TarReader` (must be defined earlier in the fil…
rubygems/package/tar_reader/entry.rb	fail	unknown class/module `Gem::Package::TarReader` in `Gem::Package::TarReader::Entry` (must be defined …
rubygems/package/tar_writer.rb	fail	unknown class/module `Gem::Package` in `Gem::Package::TarWriter` (must be defined earlier in the fil…
rubygems/package_task.rb	fail	cannot load such file
rubygems/path_support.rb	fail	unknown class/module `Gem` in `Gem::PathSupport` (must be defined earlier in the file)
rubygems/platform.rb	fail	unknown class/module `Gem` in `Gem::Platform` (must be defined earlier in the file)
rubygems/psych_tree.rb	pass	
rubygems/query_utils.rb	fail	`autoload` isn't supported (spike scope)
rubygems/rdoc.rb	fail	cannot load such file
rubygems/remote_fetcher.rb	fail	cannot load such file
rubygems/request.rb	fail	`require_relative` is only supported as a top-level statement with a single string-literal argument …
rubygems/request/connection_pools.rb	fail	unknown class/module `Gem::Request` in `Gem::Request::ConnectionPools` (must be defined earlier in t…
rubygems/request/http_pool.rb	fail	unknown class/module `Gem::Request` in `Gem::Request::HTTPPool` (must be defined earlier in the file…
rubygems/request/https_pool.rb	fail	unknown class/module `Gem::Request` in `Gem::Request::HTTPSPool` (must be defined earlier in the fil…
rubygems/request_set.rb	fail	`require_relative` is only supported as a top-level statement with a single string-literal argument …
rubygems/request_set/gem_dependency_api.rb	fail	expected `*name` as a multi-assignment's splat target
rubygems/request_set/lockfile.rb	fail	unsupported string interpolation part (spike scope)
rubygems/request_set/lockfile/parser.rb	fail	unsupported string interpolation part (spike scope)
rubygems/request_set/lockfile/tokenizer.rb	fail	unsupported string interpolation part (spike scope)
rubygems/requirement.rb	fail	`Struct.new` outside a constant assignment isn't supported (AOT: write `Name = Struct.new(:a, :b)`)
rubygems/resolver.rb	fail	unsupported string interpolation part (spike scope)
rubygems/resolver/activation_request.rb	fail	expected a constant name or path (e.g. `Foo` or `Foo::Bar`)
rubygems/resolver/api_set.rb	fail	`autoload` isn't supported (spike scope)
rubygems/resolver/api_set/gem_parser.rb	fail	unknown class/module `Gem::Resolver::APISet` in `Gem::Resolver::APISet::GemParser` (must be defined …
rubygems/resolver/api_specification.rb	fail	unknown class/module `Gem::Resolver` in `Gem::Resolver::APISpecification` (must be defined earlier i…
rubygems/resolver/best_set.rb	fail	unknown class/module `Gem::Resolver` in `Gem::Resolver::BestSet` (must be defined earlier in the fil…
rubygems/resolver/composed_set.rb	fail	unknown class/module `Gem::Resolver` in `Gem::Resolver::ComposedSet` (must be defined earlier in the…
rubygems/resolver/conflict.rb	fail	unknown class/module `Gem::Resolver` in `Gem::Resolver::Conflict` (must be defined earlier in the fi…
rubygems/resolver/current_set.rb	fail	unknown class/module `Gem::Resolver` in `Gem::Resolver::CurrentSet` (must be defined earlier in the …
rubygems/resolver/dependency_request.rb	fail	unknown class/module `Gem::Resolver` in `Gem::Resolver::DependencyRequest` (must be defined earlier …
rubygems/resolver/git_set.rb	fail	unknown class/module `Gem::Resolver` in `Gem::Resolver::GitSet` (must be defined earlier in the file…
rubygems/resolver/git_specification.rb	fail	`require_relative` is only supported as a top-level statement with a single string-literal argument …
rubygems/resolver/index_set.rb	fail	unknown class/module `Gem::Resolver` in `Gem::Resolver::IndexSet` (must be defined earlier in the fi…
rubygems/resolver/index_specification.rb	fail	unknown class/module `Gem::Resolver` in `Gem::Resolver::IndexSpecification` (must be defined earlier…
rubygems/resolver/installed_specification.rb	fail	unknown class/module `Gem::Resolver` in `Gem::Resolver::InstalledSpecification` (must be defined ear…
rubygems/resolver/installer_set.rb	fail	unsupported string interpolation part (spike scope)
rubygems/resolver/local_specification.rb	fail	unknown class/module `Gem::Resolver` in `Gem::Resolver::LocalSpecification` (must be defined earlier…
rubygems/resolver/lock_set.rb	fail	unknown class/module `Gem::Resolver` in `Gem::Resolver::LockSet` (must be defined earlier in the fil…
rubygems/resolver/lock_specification.rb	fail	unknown class/module `Gem::Resolver` in `Gem::Resolver::LockSpecification` (must be defined earlier …
rubygems/resolver/requirement_list.rb	fail	unknown class/module `Gem::Resolver` in `Gem::Resolver::RequirementList` (must be defined earlier in…
rubygems/resolver/set.rb	fail	unknown class/module `Gem::Resolver` in `Gem::Resolver::Set` (must be defined earlier in the file)
rubygems/resolver/source_set.rb	fail	unknown class/module `Gem::Resolver` in `Gem::Resolver::SourceSet` (must be defined earlier in the f…
rubygems/resolver/spec_specification.rb	fail	unknown class/module `Gem::Resolver` in `Gem::Resolver::SpecSpecification` (must be defined earlier …
rubygems/resolver/specification.rb	fail	`require_relative` is only supported as a top-level statement with a single string-literal argument …
rubygems/resolver/stats.rb	fail	unknown class/module `Gem::Resolver` in `Gem::Resolver::Stats` (must be defined earlier in the file)
rubygems/resolver/vendor_set.rb	fail	unknown class/module `Gem::Resolver` in `Gem::Resolver::VendorSet` (must be defined earlier in the f…
rubygems/resolver/vendor_specification.rb	fail	unknown class/module `Gem::Resolver` in `Gem::Resolver::VendorSpecification` (must be defined earlie…
rubygems/s3_uri_signer.rb	fail	`autoload` isn't supported (spike scope)
rubygems/safe_marshal.rb	fail	cannot load such file
rubygems/safe_marshal/elements.rb	pass	
rubygems/safe_marshal/reader.rb	fail	panic: unknown class/module `Marshal`
rubygems/safe_marshal/visitors/stream_printer.rb	fail	unknown class/module `Gem::SafeMarshal` in `Gem::SafeMarshal::Visitors` (must be defined earlier in …
rubygems/safe_marshal/visitors/to_ruby.rb	fail	unknown class/module `Gem::SafeMarshal` in `Gem::SafeMarshal::Visitors` (must be defined earlier in …
rubygems/safe_marshal/visitors/visitor.rb	fail	unknown class/module `Gem::SafeMarshal` in `Gem::SafeMarshal::Visitors` (must be defined earlier in …
rubygems/safe_yaml.rb	pass	
rubygems/security.rb	fail	`autoload` isn't supported (spike scope)
rubygems/security/policies.rb	fail	unknown class/module `Gem` in `Gem::Security` (must be defined earlier in the file)
rubygems/security/policy.rb	fail	`require` is only supported as a top-level statement with a single string-literal argument (spike sc…
rubygems/security/signer.rb	fail	`require` is only supported as a top-level statement with a single string-literal argument (spike sc…
rubygems/security/trust_dir.rb	fail	`require` is only supported as a top-level statement with a single string-literal argument (spike sc…
rubygems/security_option.rb	fail	cannot load such file
rubygems/source.rb	fail	`require_relative` is only supported as a top-level statement with a single string-literal argument …
rubygems/source/git.rb	fail	`require_relative` is only supported as a top-level statement with a single string-literal argument …
rubygems/source/installed.rb	fail	unknown class/module `Gem::Source` in `Gem::Source::Installed` (must be defined earlier in the file)
rubygems/source/local.rb	fail	unknown class/module `Gem::Source` in `Gem::Source::Local` (must be defined earlier in the file)
rubygems/source/lock.rb	fail	unknown class/module `Gem::Source` in `Gem::Source::Lock` (must be defined earlier in the file)
rubygems/source/specific_file.rb	fail	unknown class/module `Gem::Source` in `Gem::Source::SpecificFile` (must be defined earlier in the fi…
rubygems/source/vendor.rb	fail	unknown class/module `Gem::Source` in `Gem::Source::Vendor` (must be defined earlier in the file)
rubygems/source_list.rb	fail	unknown class/module `Gem` in `Gem::SourceList` (must be defined earlier in the file)
rubygems/spec_fetcher.rb	fail	cannot load such file
rubygems/specification.rb	fail	unsupported string interpolation part (spike scope)
rubygems/specification_policy.rb	fail	`require` is only supported as a top-level statement with a single string-literal argument (spike sc…
rubygems/specification_record.rb	fail	`Struct.new` outside a constant assignment isn't supported (AOT: write `Name = Struct.new(:a, :b)`)
rubygems/stub_specification.rb	fail	unknown class/module `Gem` in `Gem::StubSpecification` (must be defined earlier in the file)
rubygems/target_rbconfig.rb	fail	cannot load such file
rubygems/text.rb	fail	unknown class/module `Gem` in `Gem::Text` (must be defined earlier in the file)
rubygems/uninstaller.rb	fail	`require` is only supported as a top-level statement with a single string-literal argument (spike sc…
rubygems/unknown_command_spell_checker.rb	fail	unknown class/module `Gem` in `Gem::UnknownCommandSpellChecker` (must be defined earlier in the file…
rubygems/update_suggestion.rb	fail	unknown class/module `Gem` in `Gem::UpdateSuggestion` (must be defined earlier in the file)
rubygems/uri.rb	fail	`require_relative` is only supported as a top-level statement with a single string-literal argument …
rubygems/uri_formatter.rb	fail	`require` is only supported as a top-level statement with a single string-literal argument (spike sc…
rubygems/user_interaction.rb	fail	`require` is only supported as a top-level statement with a single string-literal argument (spike sc…
rubygems/util.rb	fail	`require` is only supported as a top-level statement with a single string-literal argument (spike sc…
rubygems/util/licenses.rb	fail	unknown class/module `Gem` in `Gem::Text` (must be defined earlier in the file)
rubygems/util/list.rb	fail	panic: `super`: no `to_a` found above List
rubygems/validator.rb	fail	cannot load such file
rubygems/vendor/molinillo/lib/molinillo.rb	fail	unsupported string interpolation part (spike scope)
rubygems/vendor/molinillo/lib/molinillo/delegates/resolution_state.rb	fail	unknown class/module `Gem` in `Gem::Molinillo` (must be defined earlier in the file)
rubygems/vendor/molinillo/lib/molinillo/delegates/specification_provider.rb	fail	unknown class/module `Gem` in `Gem::Molinillo` (must be defined earlier in the file)
rubygems/vendor/molinillo/lib/molinillo/dependency_graph.rb	fail	`require` is only supported as a top-level statement with a single string-literal argument (spike sc…
rubygems/vendor/molinillo/lib/molinillo/dependency_graph/action.rb	fail	unknown class/module `Gem` in `Gem::Molinillo` (must be defined earlier in the file)
rubygems/vendor/molinillo/lib/molinillo/dependency_graph/add_edge_no_circular.rb	fail	unknown class/module `Gem` in `Gem::Molinillo` (must be defined earlier in the file)
rubygems/vendor/molinillo/lib/molinillo/dependency_graph/add_vertex.rb	fail	unknown class/module `Gem` in `Gem::Molinillo` (must be defined earlier in the file)
rubygems/vendor/molinillo/lib/molinillo/dependency_graph/delete_edge.rb	fail	unknown class/module `Gem` in `Gem::Molinillo` (must be defined earlier in the file)
rubygems/vendor/molinillo/lib/molinillo/dependency_graph/detach_vertex_named.rb	fail	unknown class/module `Gem` in `Gem::Molinillo` (must be defined earlier in the file)
rubygems/vendor/molinillo/lib/molinillo/dependency_graph/log.rb	fail	unknown class/module `Gem` in `Gem::Molinillo` (must be defined earlier in the file)
rubygems/vendor/molinillo/lib/molinillo/dependency_graph/set_payload.rb	fail	unknown class/module `Gem` in `Gem::Molinillo` (must be defined earlier in the file)
rubygems/vendor/molinillo/lib/molinillo/dependency_graph/tag.rb	fail	unknown class/module `Gem` in `Gem::Molinillo` (must be defined earlier in the file)
rubygems/vendor/molinillo/lib/molinillo/dependency_graph/vertex.rb	fail	`require` is only supported as a top-level statement with a single string-literal argument (spike sc…
rubygems/vendor/molinillo/lib/molinillo/errors.rb	fail	unsupported string interpolation part (spike scope)
rubygems/vendor/molinillo/lib/molinillo/gem_metadata.rb	fail	unknown class/module `Gem` in `Gem::Molinillo` (must be defined earlier in the file)
rubygems/vendor/molinillo/lib/molinillo/modules/specification_provider.rb	fail	unknown class/module `Gem` in `Gem::Molinillo` (must be defined earlier in the file)
rubygems/vendor/molinillo/lib/molinillo/modules/ui.rb	fail	unknown class/module `Gem` in `Gem::Molinillo` (must be defined earlier in the file)
rubygems/vendor/molinillo/lib/molinillo/resolution.rb	fail	unsupported string interpolation part (spike scope)
rubygems/vendor/molinillo/lib/molinillo/resolver.rb	fail	`require` is only supported as a top-level statement with a single string-literal argument (spike sc…
rubygems/vendor/molinillo/lib/molinillo/state.rb	fail	unknown class/module `Gem` in `Gem::Molinillo` (must be defined earlier in the file)
rubygems/vendor/net-http/lib/net/http.rb	fail	`require "socket.so"`: native (.so/.bundle) features aren't supported (spike scope)
rubygems/vendor/net-http/lib/net/http/exceptions.rb	fail	unknown class/module `Gem` in `Gem::Net` (must be defined earlier in the file)
rubygems/vendor/net-http/lib/net/http/generic_request.rb	fail	`require` is only supported as a top-level statement with a single string-literal argument (spike sc…
rubygems/vendor/net-http/lib/net/http/header.rb	fail	unknown class/module `Gem::Net` in `Gem::Net::HTTPHeader` (must be defined earlier in the file)
rubygems/vendor/net-http/lib/net/http/proxy_delta.rb	fail	unknown class/module `Gem::Net::HTTP` in `Gem::Net::HTTP::ProxyDelta` (must be defined earlier in th…
rubygems/vendor/net-http/lib/net/http/request.rb	fail	expected a constant name or path (e.g. `Foo` or `Foo::Bar`)
rubygems/vendor/net-http/lib/net/http/requests.rb	fail	unknown class/module `Gem::Net::HTTP` in `Gem::Net::HTTP::Get` (must be defined earlier in the file)
rubygems/vendor/net-http/lib/net/http/response.rb	fail	expected a constant name or path (e.g. `Foo` or `Foo::Bar`)
rubygems/vendor/net-http/lib/net/http/responses.rb	fail	unknown class/module `Gem` in `Gem::Net` (must be defined earlier in the file)
rubygems/vendor/net-http/lib/net/http/status.rb	fail	`require "socket.so"`: native (.so/.bundle) features aren't supported (spike scope)
rubygems/vendor/net-http/lib/net/https.rb	fail	`require "socket.so"`: native (.so/.bundle) features aren't supported (spike scope)
rubygems/vendor/net-protocol/lib/net/protocol.rb	fail	`require "socket.so"`: native (.so/.bundle) features aren't supported (spike scope)
rubygems/vendor/optparse/lib/optionparser.rb	fail	`require` is only supported as a top-level statement with a single string-literal argument (spike sc…
rubygems/vendor/optparse/lib/optparse.rb	fail	`require` is only supported as a top-level statement with a single string-literal argument (spike sc…
rubygems/vendor/optparse/lib/optparse/ac.rb	fail	`require` is only supported as a top-level statement with a single string-literal argument (spike sc…
rubygems/vendor/optparse/lib/optparse/date.rb	fail	`require` is only supported as a top-level statement with a single string-literal argument (spike sc…
rubygems/vendor/optparse/lib/optparse/kwargs.rb	fail	`require` is only supported as a top-level statement with a single string-literal argument (spike sc…
rubygems/vendor/optparse/lib/optparse/shellwords.rb	fail	unsupported statement in `class << self` (spike scope)
rubygems/vendor/optparse/lib/optparse/time.rb	fail	`require` is only supported as a top-level statement with a single string-literal argument (spike sc…
rubygems/vendor/optparse/lib/optparse/uri.rb	fail	`require` is only supported as a top-level statement with a single string-literal argument (spike sc…
rubygems/vendor/optparse/lib/optparse/version.rb	fail	unsupported syntax at "class << Gem::OptionParser\n  #\n  # Shows version string in packages if Vers…
rubygems/vendor/resolv/lib/resolv.rb	fail	`require "socket.so"`: native (.so/.bundle) features aren't supported (spike scope)
rubygems/vendor/securerandom/lib/securerandom.rb	fail	unsupported syntax at "alias gen_random gen_random_urandom" (spike handles only what the 7 example p…
rubygems/vendor/timeout/lib/timeout.rb	fail	unknown class/module `Gem` in `Gem::Timeout` (must be defined earlier in the file)
rubygems/vendor/tsort/lib/tsort.rb	fail	unknown class/module `Gem` in `Gem::TSort` (must be defined earlier in the file)
rubygems/vendor/uri/lib/uri.rb	fail	`autoload` isn't supported (spike scope)
rubygems/vendor/uri/lib/uri/common.rb	fail	unknown class/module `Gem` in `Gem::URI` (must be defined earlier in the file)
rubygems/vendor/uri/lib/uri/file.rb	fail	`autoload` isn't supported (spike scope)
rubygems/vendor/uri/lib/uri/ftp.rb	fail	`autoload` isn't supported (spike scope)
rubygems/vendor/uri/lib/uri/generic.rb	fail	`autoload` isn't supported (spike scope)
rubygems/vendor/uri/lib/uri/http.rb	fail	`autoload` isn't supported (spike scope)
rubygems/vendor/uri/lib/uri/https.rb	fail	`autoload` isn't supported (spike scope)
rubygems/vendor/uri/lib/uri/ldap.rb	fail	`autoload` isn't supported (spike scope)
rubygems/vendor/uri/lib/uri/ldaps.rb	fail	`autoload` isn't supported (spike scope)
rubygems/vendor/uri/lib/uri/mailto.rb	fail	`autoload` isn't supported (spike scope)
rubygems/vendor/uri/lib/uri/rfc2396_parser.rb	fail	unknown class/module `Gem` in `Gem::URI` (must be defined earlier in the file)
rubygems/vendor/uri/lib/uri/rfc3986_parser.rb	fail	unknown class/module `Gem` in `Gem::URI` (must be defined earlier in the file)
rubygems/vendor/uri/lib/uri/version.rb	fail	unknown class/module `Gem` in `Gem::URI` (must be defined earlier in the file)
rubygems/vendor/uri/lib/uri/ws.rb	fail	`autoload` isn't supported (spike scope)
rubygems/vendor/uri/lib/uri/wss.rb	fail	`autoload` isn't supported (spike scope)
rubygems/vendored_molinillo.rb	fail	unsupported string interpolation part (spike scope)
rubygems/vendored_net_http.rb	fail	`require_relative` is only supported as a top-level statement with a single string-literal argument …
rubygems/vendored_optparse.rb	fail	`require` is only supported as a top-level statement with a single string-literal argument (spike sc…
rubygems/vendored_securerandom.rb	fail	unsupported syntax at "alias gen_random gen_random_urandom" (spike handles only what the 7 example p…
rubygems/vendored_timeout.rb	fail	`require_relative` is only supported as a top-level statement with a single string-literal argument …
rubygems/vendored_tsort.rb	fail	unknown class/module `Gem` in `Gem::TSort` (must be defined earlier in the file)
rubygems/version.rb	fail	panic: `super`: no `freeze` found above Version
rubygems/version_option.rb	fail	cannot load such file
rubygems/win_platform.rb	fail	cannot load such file
rubygems/yaml_serializer.rb	pass	
securerandom.rb	fail	unsupported syntax at "alias gen_random gen_random_urandom" (spike handles only what the 7 example p…
set/subclass_compatible.rb	pass	
shellwords.rb	fail	unsupported statement in `class << self` (spike scope)
singleton.rb	fail	panic: unexpected top-level-only node in expression position
socket.rb	fail	`require "socket.so"`: native (.so/.bundle) features aren't supported (spike scope)
strscan/strscan.rb	pass	
syntax_suggest.rb	fail	`require` is only supported as a top-level statement with a single string-literal argument (spike sc…
syntax_suggest/api.rb	fail	cannot load such file
syntax_suggest/around_block_scan.rb	fail	panic: unknown class `CodeBlock`
syntax_suggest/block_expand.rb	fail	panic: unknown class `AroundBlockScan`
syntax_suggest/capture/before_after_keyword_ends.rb	fail	panic: unknown class `ScanHistory`
syntax_suggest/capture/falling_indent_lines.rb	fail	panic: unknown class `ScanHistory`
syntax_suggest/capture_code_context.rb	fail	panic: unknown class `ScanHistory`
syntax_suggest/clean_document.rb	fail	panic: a nested escaping block capturing its enclosing BLOCK's own local `line` isn't supported yet (spike …
syntax_suggest/cli.rb	fail	`require` is only supported as a top-level statement with a single string-literal argument (spike sc…
syntax_suggest/code_block.rb	pass	
syntax_suggest/code_frontier.rb	fail	panic: unknown class `UnvisitedLines`
syntax_suggest/code_line.rb	fail	panic: unknown class/module `Ripper`
syntax_suggest/code_search.rb	fail	panic: unknown class `CleanDocument`
syntax_suggest/core_ext.rb	fail	`require` is only supported as a top-level statement with a single string-literal argument (spike sc…
syntax_suggest/display_code_with_line_numbers.rb	pass	
syntax_suggest/display_invalid_blocks.rb	fail	panic: unknown class `ScanHistory`
syntax_suggest/explain_syntax.rb	fail	`require_relative` is only supported as a top-level statement with a single string-literal argument …
syntax_suggest/left_right_lex_count.rb	pass	
syntax_suggest/lex_all.rb	fail	panic: unknown class/module `Ripper`
syntax_suggest/lex_value.rb	fail	panic: unknown class/module `Ripper`
syntax_suggest/mini_stringio.rb	pass	
syntax_suggest/parse_blocks_from_indent_line.rb	fail	panic: unknown class `AroundBlockScan`
syntax_suggest/pathname_from_message.rb	pass	
syntax_suggest/priority_engulf_queue.rb	fail	panic: unknown class `PriorityQueue`
syntax_suggest/priority_queue.rb	pass	
syntax_suggest/ripper_errors.rb	fail	unknown superclass `Ripper` (must be defined earlier in the file)
syntax_suggest/scan_history.rb	fail	panic: unknown class `CodeBlock`
syntax_suggest/unvisited_lines.rb	pass	
syntax_suggest/version.rb	pass	
tempfile.rb	fail	unsupported syntax at "alias __raise__ raise" (spike handles only what the 7 example programs need)
time.rb	fail	cannot load such file
timeout.rb	fail	panic: a nested escaping block capturing its enclosing BLOCK's own local `closest_deadline` isn't supported…
tmpdir.rb	fail	`require` is only supported as a top-level statement with a single string-literal argument (spike sc…
tsort.rb	pass	
un.rb	fail	`require` is only supported as a top-level statement with a single string-literal argument (spike sc…
unicode_normalize/normalize.rb	fail	unsupported string interpolation part (spike scope)
unicode_normalize/tables.rb	fail	unsupported string interpolation part (spike scope)
uri.rb	fail	`autoload` isn't supported (spike scope)
uri/common.rb	fail	reopening the built-in module `Kernel` isn't supported yet (spike scope)
uri/file.rb	fail	`autoload` isn't supported (spike scope)
uri/ftp.rb	fail	`autoload` isn't supported (spike scope)
uri/generic.rb	fail	`autoload` isn't supported (spike scope)
uri/http.rb	fail	`autoload` isn't supported (spike scope)
uri/https.rb	fail	`autoload` isn't supported (spike scope)
uri/ldap.rb	fail	`autoload` isn't supported (spike scope)
uri/ldaps.rb	fail	`autoload` isn't supported (spike scope)
uri/mailto.rb	fail	`autoload` isn't supported (spike scope)
uri/rfc2396_parser.rb	fail	panic: `raise Class, message` requires a literal class name (spike scope)
uri/rfc3986_parser.rb	fail	panic: `raise Class, message` requires a literal class name (spike scope)
uri/version.rb	pass	
uri/ws.rb	fail	`autoload` isn't supported (spike scope)
uri/wss.rb	fail	`autoload` isn't supported (spike scope)
weakref.rb	fail	unsupported syntax at "alias __raise__ raise" (spike handles only what the 7 example programs need)
yaml.rb	fail	`require` is only supported as a top-level statement with a single string-literal argument (spike sc…
yaml/dbm.rb	fail	`require` is only supported as a top-level statement with a single string-literal argument (spike sc…
yaml/store.rb	fail	`require` is only supported as a top-level statement with a single string-literal argument (spike sc…
